LDO_01,,,,LDO_02,,,,LDO_03,,,,LDO_05,,,,LDO_06,,,,LDO_07,,,,LDO_08,,,,LDO_09,,,,LDO_10,,,,LDO_11,,,,LDO_12,,,,LDO_13,,,,LDO_14,,,,LDO_15,,,,LDO_VMIC1 ,,,,LDO_VMIC1 ,,,,LDO_VMIC2,,,,LDO_VMIC2,,
起始电压/V,,0.303,,起始电压/V,,0.82,,起始电压/V,,1.2,,起始电压/V,,1.207,,起始电压/V,,0.599,,起始电压/V,,0.6,,起始电压/V,,0.5975,,起始电压/V,,0.8993,,起始电压/V,,0.9011,,起始电压/V,,0.9,,起始电压/V,,0.3249,,起始电压/V,,1.2,,起始电压/V,,1.2,,起始电压/V,,1.2,,VMEM=1.8V,ldoa_res=4'b1010,,,VMEM=1.7V,ldoa_res=4'b1010,,,VMEM=1.8V,ldoa_res=4'b1010,,,VMEM=1.7V,ldoa_res=4'b1010,
截止电压/V,,1.886,,截止电压/V,,1.805,,截止电压/V,,2.2,,截止电压/V,,3.712,,截止电压/V,,1.22,,截止电压/V,,1.5 (受限于输入电压),,截止电压/V,,1.4997,,截止电压/V,,2.0905,,截止电压/V,,2.11,,截止电压/V,,2.17,,截止电压/V,,1.1,,截止电压/V,,4.3,,截止电压/V,,4.3,,截止电压/V,,4.3,,起始电压/V,,1.072,,起始电压/V,,1.0123,,起始电压/V,,1.0712,,起始电压/V,,1.0114
默认电压/V,,,,,,,,默认电压/V,,,,默认电压/V,,3.314 (0x15),,默认电压/V,,,,默认电压/V,,1.091 (0x64),,默认电压/V,,1.089 (0x64),,默认电压/V,,1.7 (0xA0),,默认电压/V,,1.1 (0x28),,默认电压/V,,1.1 (0x28),,默认电压/V,,0.61 (0xC),,默认电压/V,,3.3 (0x15),,默认电压/V,,1.8 (0x06),,默认电压/V,,1.8 (0x06),,截止电压/V,,3.21,,截止电压/V,,3.1791,,截止电压/V,,3.2242,,截止电压/V,,3.1751
setp/mV,,25.13,,setp/mV,,98.56,,setp/mV,,99.48,,setp/mV,,100,,setp/mV,,24.8,,setp/mV,,4.938461538,,setp/mV,,4.957142857,,setp/mV,,4.984100418,,setp/mV,,4.969387755,,setp/mV,,4.991372549,,setp/mV,,24.97096774,,setp/mV,,99.92857143,,setp/mV,,99.8516129,,setp/mV,,99.55806452,,默认电压/V,,,,默认电压/V,,,,默认电压/V,,2.364,,默认电压/V,,2.233
,,,,,,,,,,,,,,,,,,,,,,,,,,,,,,,,,,,,,,,,,,,,,,,,,,,,,,,,setp/mV,,143.05625,,setp/mV,,135.3823529,,setp/mV,,143.5333333,,setp/mV,,135.1941176
Reg,Vout/V,Δ/mV,,Reg,Vout/V,Δ/mV,,Reg,Vout/V,Δ/mV,,Reg,Vout/V,Δ/mV,,Reg,Vout/V,Δ/mV,,Reg,Vout/V,Δ/mV,,Reg,Vout/V,Δ/mV,,Reg,Vout/V,Δ/mV,,Reg,Vout/V,Δ/mV,,Reg,Vout/V,Δ/mV,,Reg,Vout/V,Δ/mV,,Reg,Vout/V,Δ/mV,,Reg,Vout/V,Δ/mV,,Reg,Vout/V,Δ/mV,,,,,,,,,,,,,,,,
0,0.303,/,,0,0.8195,/,,0,1.1978,/,,0,1.207,/,,0,0.5985,/,,0,0.5955,/,,0,0.5975,/,,0,0.8993,/,,0,0.9011,/,,0,0.9009,/,,0,0.3249,/,,0,1.2024,/,,0,1.2035,/,,0,1.1989,/,,Reg,Vout/V,Δ/mV,,Reg,Vout/V,Δ/mV,,Reg,Vout/V,Δ/mV,,Reg,Vout/V,Δ/mV
1,0.3321,29.1,,1,0.9162,96.7,,1,1.2982,100.4,,1,1.308,101,,1,0.6233,24.8,,1,0.6002,4.7,,1,0.6023,4.8,,1,0.9042,4.9,,1,0.9061,5,,1,0.9058,4.9,,1,0.3355,10.6,,1,1.3026,100.2,,1,1.3041,100.6,,1,1.2991,100.2,,0,1.0719,/,,0,1.0123,/,,0,1.0712,/,,0,1.0114,/
2,0.3569,24.8,,2,1.0139,97.7,,2,1.3984,100.2,,2,1.408,100,,2,0.6486,25.3,,2,0.6054,5.2,,2,0.6074,5.1,,2,0.9091,4.9,,2,0.9111,5,,2,0.9108,5,,2,0.3661,30.6,,2,1.4029,100.3,,2,1.4041,100,,2,1.3979,98.8,,1,1.2153,0.1434,,1,1.1476,0.1353,,1,1.2145,0.1433,,1,1.1466,0.1352
3,0.3815,24.6,,3,1.1124,98.5,,3,1.499,100.6,,3,1.508,100,,3,0.6734,24.8,,3,0.6102,4.8,,3,0.6122,4.8,,3,0.9141,5,,3,0.9162,5.1,,3,0.9157,4.9,,3,0.3897,23.6,,3,1.5027,99.8,,3,1.5044,100.3,,3,1.498,100.1,,2,1.3572,0.1419,,2,1.2818,0.1342,,2,1.3624,0.1479,,2,1.2863,0.1397
4,0.4081,26.6,,4,1.2165,104.1,,4,1.5963,97.3,,4,1.605,97,,4,0.6987,25.3,,4,0.615,4.8,,4,0.6169,4.7,,4,0.9194,5.3,,4,0.9215,5.3,,4,0.9208,5.1,,4,0.4144,24.7,,4,1.6018,99.1,,4,1.603,98.6,,4,1.5978,99.8,,3,1.5003,0.1431,,3,1.4168,0.135,,3,1.5054,0.143,,3,1.4213,0.135
5,0.4328,24.7,,5,1.3075,91,,5,1.6969,100.6,,5,1.705,100,,5,0.7235,24.8,,5,0.6199,4.9,,5,0.6218,4.9,,5,0.9245,5.1,,5,0.9266,5.1,,5,0.9257,4.9,,5,0.4394,25,,5,1.7017,99.9,,5,1.7035,100.5,,5,1.6978,100,,4,1.6445,0.1442,,4,1.5529,0.1361,,4,1.6446,0.1392,,4,1.5525,0.1312
6,0.4581,25.3,,6,1.4088,101.3,,6,1.7969,100,,6,1.805,100,,6,0.7487,25.2,,6,0.6249,5,,6,0.6267,4.9,,6,0.9294,4.9,,6,0.9316,5,,6,0.9307,5,,6,0.4642,24.8,,6,1.8018,100.1,,6,1.8034,99.9,,6,1.7965,98.7,,5,1.7876,0.1431,,5,1.6881,0.1352,,5,1.7876,0.143,,5,1.6877,0.1352
7,0.4829,24.8,,7,1.4954,86.6,,7,1.8977,100.8,,7,1.905,100,,7,0.7735,24.8,,7,0.6299,5,,7,0.6316,4.9,,7,0.9343,4.9,,7,0.9366,5,,7,0.9356,4.9,,7,0.4879,23.7,,7,1.902,100.2,,7,1.904,100.6,,7,1.8967,100.2,,6,1.9296,0.142,,6,1.8221,0.134,,6,1.9355,0.1479,,6,1.8272,0.1395
8,0.5083,25.4,,8,1.6116,116.2,,8,1.9918,94.1,,8,2.011,106,,8,0.7964,22.9,,8,0.6347,4.8,,8,0.6366,5,,8,0.9392,4.9,,8,0.9416,5,,8,0.9406,5,,8,0.5136,25.7,,8,2.0037,101.7,,8,2.0029,98.9,,8,1.9929,96.2,,7,2.0723,0.1427,,7,1.957,0.1349,,7,2.0781,0.1426,,7,1.962,0.1348
9,0.533,24.7,,9,1.7097,98.1,,9,2.0924,100.6,,9,2.111,100,,9,0.8212,24.8,,9,0.6395,4.8,,9,0.6414,4.8,,9,0.9441,4.9,,9,0.9467,5.1,,9,0.9455,4.9,,9,0.5385,24.9,,9,2.1038,100.1,,9,2.1036,100.7,,9,2.0931,100.2,,8,2.2175,0.1452,,8,2.0933,0.1363,,8,2.2217,0.1436,,8,2.0968,0.1348
A,0.5582,25.2,,A,1.8051,95.4,,A,2.1926,100.2,,A,2.211,100,,A,0.8465,25.3,, a,0.6445,5,, a,0.6464,5,, a,0.9491,5,, a,0.9517,5,, a,0.9505,5,, a,0.5634,24.9,, a,2.204,100.2,, a,2.2035,99.9,, a,2.1919,98.8,,9,2.3604,0.1429,,9,2.2282,0.1349,,9,2.3647,0.143,,9,2.2315,0.1347
B,0.583,24.8,,,,98.56,,,,99.48,,B,2.311,100,,B,0.8713,24.8,, b,0.6493,4.8,, b,0.6512,4.8,, b,0.954,4.9,, b,0.9568,5.1,, b,0.9554,4.9,, b,0.5885,25.1,, b,2.3039,99.9,, b,2.3038,100.3,, b,2.2918,99.9,, a,2.5022,0.1418,, a,2.363,0.1348,, a,2.5122,0.1475,, a,2.3718,0.1403
C,0.6095,26.5,,,,,,,,,,C,2.408,97,,C,0.8963,25,, c,0.654,4.7,, c,0.656,4.8,, c,0.9594,5.4,, c,0.9621,5.3,, c,0.9604,5,, c,0.6141,25.6,, c,2.4031,99.2,, c,2.4026,98.8,, c,2.3916,99.8,, b,2.6441,0.1419,, b,2.4968,0.1338,, b,2.6541,0.1419,, b,2.5055,0.1337
D,0.634,24.5,,,,,,,,,,D,2.508,100,,D,0.9212,24.9,, d,0.6591,5.1,, d,0.6608,4.8,, d,0.9644,5,, d,0.9671,5,, d,0.9654,5,, d,0.6394,25.3,, d,2.5029,99.8,, d,2.5029,100.3,, d,2.4916,100,, c,2.7879,0.1438,, c,2.6332,0.1364,, c,2.7928,0.1387,, c,2.6371,0.1316
E,0.6594,25.4,,,,,,,,,,E,2.608,100,,E,0.9464,25.2,, e,0.6641,5,, e,0.6658,5,, e,0.9693,4.9,, e,0.9722,5.1,, e,0.9704,5,, e,0.6648,25.4,, e,2.603,100.1,, e,2.6028,99.9,, e,2.5904,98.8,, d,2.9302,0.1423,, d,2.7675,0.1343,, d,2.935,0.1422,, d,2.7713,0.1342
F,0.6839,24.5,,,,,,,,,,F,2.708,100,,F,0.9713,24.9,, f,0.6691,5,, f,0.6706,4.8,, f,0.9745,5.2,, f,0.9775,5.3,, f,0.9755,5.1,, f,0.6904,25.6,, f,2.703,100,, f,2.7032,100.4,, f,2.6904,100,, e,3.0713,0.1411,, e,2.9006,0.1331,, e,3.0819,0.1469,, e,2.91,0.1387
10,0.7069,23,,,,,,,,,,10,2.81,102,,10,0.9965,25.2,,10,0.6739,4.8,,10,0.6757,5.1,,10,0.9797,5.2,,10,0.9814,3.9,,10,0.9805,5,,10,0.7147,24.3,,10,2.8012,98.2,,10,2.8008,97.6,,10,2.7954,105,, f,3.2135,0.1422,, f,3.0349,0.1343,, f,3.2242,0.1423,, f,3.0441,0.1341
11,0.7321,25.2,,,,,,,,,,11,2.911,101,,11,1.0214,24.9,,11,0.6787,4.8,,11,0.6805,4.8,,11,0.9846,4.9,,11,0.9865,5.1,,11,0.9854,4.9,,11,0.7402,25.5,,11,2.9011,99.9,,11,2.9015,100.7,,11,2.8953,99.9,,10,3.3608,0.1473,,10,3.1791,0.1442,,,,143.5333333,,10,3.1751,0.131
12,0.7575,25.4,,,,,,,,,,12,3.011,100,,12,1.0467,25.3,,12,0.6838,5.1,,12,0.6856,5.1,,12,0.9896,5,,12,0.9915,5,,12,0.9904,5,,12,0.7658,25.6,,12,3.0014,100.3,,12,3.0011,99.6,,12,2.9943,99,,,,143.05625,,11,3.3138,0.1347,,,,,,11,3.3097,0.1346
13,0.7821,24.6,,,,,,,,,,13,3.111,100,,13,1.0714,24.7,,13,0.6888,5,,13,0.6904,4.8,,13,0.9946,5,,13,0.9966,5.1,,13,0.9953,4.9,,13,0.7917,25.9,,13,3.1013,99.9,,13,3.1015,100.4,,13,3.0943,100,,,,,,,,135.3823529,,,,,,,,135.1941176
14,0.8091,27,,,,,,,,,,14,3.207,96,,14,1.0964,25,,14,0.6935,4.7,,14,0.6953,4.9,,14,1,5.4,,14,1.0019,5.3,,14,1.0005,5.2,,14,0.8175,25.8,,14,3.2001,98.8,,14,3.1999,98.4,,14,3.1938,99.5,,,,,,,,,,,,,,,,
15,0.8333,24.2,,,,,,,,,,15,3.307,100,,15,1.1212,24.8,,15,0.6986,5.1,,15,0.7002,4.9,,15,1.005,5,,15,1.007,5.1,,15,1.0053,4.8,,15,0.8432,25.7,,15,3.2999,99.8,,15,3.3003,100.4,,15,3.2937,99.9,,,,,,,,,,,,,,,,
16,0.8585,25.2,,,,,,,,,,16,3.407,100,,16,1.1465,25.3,,16,0.7037,5.1,,16,0.7052,5,,16,1.0099,4.9,,16,1.012,5,,16,1.0103,5,,16,0.8686,25.4,,16,3.4,100.1,,16,3.4001,99.8,,16,3.3925,98.8,,,,,,,,,,,,,,,,
17,0.8832,24.7,,,,,,,,,,17,3.507,100,,17,1.1714,24.9,,17,0.7086,4.9,,17,0.71,4.8,,17,1.0148,4.9,,17,1.017,5,,17,1.0152,4.9,,17,0.8941,25.5,,17,3.5,100,,17,3.5007,100.6,,17,3.4926,100.1,,,,,,,,,,,,,,,,
18,0.9089,25.7,,,,,,,,,,18,3.612,105,,18,1.1941,22.7,,18,0.7132,4.6,,18,0.715,5,,18,1.0197,4.9,,18,1.022,5,,18,1.0202,5,,18,0.9198,25.7,,18,3.6017,101.7,,18,3.5995,98.8,,18,3.5885,95.9,,,,,,,,,,,,,,,,
19,0.9334,24.5,,,,,,,,,,19,3.712,100,,19,1.2188,24.7,,19,0.7181,4.9,,19,0.7198,4.8,,19,1.0247,5,,19,1.0271,5.1,,19,1.0252,5,,19,0.9453,25.5,,19,3.7014,99.7,,19,3.6998,100.3,,19,3.6885,100,,,,,,,,,,,,,,,,
1A,0.9588,25.4,,,,,,,,,,,,100.2,,,,24.812,,1a,0.7233,5.2,,1a,0.7248,5,,1a,1.0296,4.9,,1a,1.032,4.9,,1a,1.0301,4.9,,1a,0.9709,25.6,,1a,3.8018,100.4,,1a,3.7998,100,,1a,3.7874,98.9,,,,,,,,,,,,,,,,
1B,0.9835,24.7,,,,,,,,,,,,,,,,,,1b,0.7282,4.9,,1b,0.7296,4.8,,1b,1.0346,5,,1b,1.0371,5.1,,1b,1.035,4.9,,1b,0.9965,25.6,,1b,3.9017,99.9,,1b,3.9001,100.3,,1b,3.8872,99.8,,,,,,,,,,,,,,,,
1C,1.0105,27,,,,,,,,,,,,,,,,,,1c,0.7328,4.6,,1c,0.7343,4.7,,1c,1.0399,5.3,,1c,1.0424,5.3,,1c,1.0401,5.1,,1c,1.0225,26,,1c,4.0004,98.7,,1c,3.9984,98.3,,1c,3.9868,99.6,,,,,,,,,,,,,,,,
1D,1.0346,24.1,,,,,,,,,,,,,,,,,,1d,0.7376,4.8,,1d,0.7391,4.8,,1d,1.0449,5,,1d,1.0475,5.1,,1d,1.0451,5,,1d,1.048,25.5,,,,99.92857143,,1d,4.099,100.6,,1d,4.0869,100.1,,,,,,,,,,,,,,,,
1E,1.06,25.4,,,,,,,,,,,,,,,,,,1e,0.7427,5.1,,1e,0.7441,5,,1e,1.0499,5,,1e,1.0525,5,,1e,1.05,4.9,,1e,1.0735,25.5,,,,,,1e,4.1986,99.6,,1e,4.1855,98.6,,,,,,,,,,,,,,,,
1F,1.0843,24.3,,,,,,,,,,,,,,,,,,1f,0.7476,4.9,,1f,0.749,4.9,,1f,1.0548,4.9,,1f,1.0576,5.1,,1f,1.055,5,,1f,1.099,25.5,,,,,,1f,4.2989,100.3,,1f,4.2852,99.7,,,,,,,,,,,,,,,,
20,1.112,27.7,,,,,,,,,,,,,,,,,,20,0.7524,4.8,,20,0.7551,6.1,,20,1.0584,3.6,,20,1.0602,2.6,,20,1.0609,5.9,,,,24.97096774,,,,,,,,99.8516129,,,,99.55806452,,,,,,,,,,,,,,,,
21,1.1356,23.6,,,,,,,,,,,,,,,,,,21,0.7572,4.8,,21,0.76,4.9,,21,1.0633,4.9,,21,1.0652,5,,21,1.0658,4.9,,,,,,,,,,,,,,,,,,,,,,,,,,,,,,,,
22,1.1611,25.5,,,,,,,,,,,,,,,,,,22,0.7624,5.2,,22,0.7649,4.9,,22,1.0682,4.9,,22,1.0703,5.1,,22,1.0708,5,,,,,,,,,,,,,,,,,,,,,,,,,,,,,,,,
23,1.1856,24.5,,,,,,,,,,,,,,,,,,23,0.7673,4.9,,23,0.7698,4.9,,23,1.0732,5,,23,1.0753,5,,23,1.0757,4.9,,,,,,,,,,,,,,,,,,,,,,,,,,,,,,,,
24,1.2121,26.5,,,,,,,,,,,,,,,,,,24,0.7719,4.6,,24,0.7745,4.7,,24,1.0785,5.3,,24,1.0807,5.4,,24,1.0808,5.1,,,,,,,,,,,,,,,,,,,,,,,,,,,,,,,,
25,1.2364,24.3,,,,,,,,,,,,,,,,,,25,0.7768,4.9,,25,0.7796,5.1,,25,1.0836,5.1,,25,1.0858,5.1,,25,1.0858,5,,,,,,,,,,,,,,,,,,,,,,,,,,,,,,,,
26,1.262,25.6,,,,,,,,,,,,,,,,,,26,0.7821,5.3,,26,0.7846,5,,26,1.0886,5,,26,1.0908,5,,26,1.0908,5,,,,,,,,,,,,,,,,,,,,,,,,,,,,,,,,
27,1.2863,24.3,,,,,,,,,,,,,,,,,,27,0.7871,5,,27,0.7894,4.8,,27,1.0935,4.9,,27,1.0959,5.1,,27,1.0957,4.9,,,,,,,,,,,,,,,,,,,,,,,,,,,,,,,,
28,1.3125,26.2,,,,,,,,,,,,,,,,,,28,0.7918,4.7,,28,0.7944,5,,28,1.0983,4.8,,28,1.1007,4.8,,28,1.1006,4.9,,,,,,,,,,,,,,,,,,,,,,,,,,,,,,,,
29,1.3366,24.1,,,,,,,,,,,,,,,,,,29,0.7967,4.9,,29,0.7992,4.8,,29,1.1032,4.9,,29,1.1058,5.1,,29,1.1055,4.9,,,,,,,,,,,,,,,,,,,,,,,,,,,,,,,,
2A,1.3619,25.3,,,,,,,,,,,,,,,,,,2a,0.8019,5.2,,2a,0.8043,5.1,,2a,1.1082,5,,2a,1.1109,5.1,,2a,1.1106,5.1,,,,,,,,,,,,,,,,,,,,,,,,,,,,,,,,
2B,1.3865,24.6,,,,,,,,,,,,,,,,,,2b,0.8067,4.8,,2b,0.8091,4.8,,2b,1.1132,5,,2b,1.116,5.1,,2b,1.1155,4.9,,,,,,,,,,,,,,,,,,,,,,,,,,,,,,,,
2C,1.4127,26.2,,,,,,,,,,,,,,,,,,2c,0.8114,4.7,,2c,0.8138,4.7,,2c,1.1186,5.4,,2c,1.1212,5.2,,2c,1.1206,5.1,,,,,,,,,,,,,,,,,,,,,,,,,,,,,,,,
2D,1.4372,24.5,,,,,,,,,,,,,,,,,,2d,0.8162,4.8,,2d,0.8187,4.9,,2d,1.1235,4.9,,2d,1.1263,5.1,,2d,1.1254,4.8,,,,,,,,,,,,,,,,,,,,,,,,,,,,,,,,
2E,1.4626,25.4,,,,,,,,,,,,,,,,,,2e,0.8213,5.1,,2e,0.8237,5,,2e,1.1284,4.9,,2e,1.1313,5,,2e,1.1304,5,,,,,,,,,,,,,,,,,,,,,,,,,,,,,,,,
2F,1.4873,24.7,,,,,,,,,,,,,,,,,,2f,0.8262,4.9,,2f,0.8285,4.8,,2f,1.1334,5,,2f,1.1364,5.1,,2f,1.1353,4.9,,,,,,,,,,,,,,,,,,,,,,,,,,,,,,,,
30,1.5098,22.5,,,,,,,,,,,,,,,,,,30,0.831,4.8,,30,0.8336,5.1,,30,1.1386,5.2,,30,1.1403,3.9,,30,1.1403,5,,,,,,,,,,,,,,,,,,,,,,,,,,,,,,,,
31,1.5349,25.1,,,,,,,,,,,,,,,,,,31,0.8359,4.9,,31,0.8385,4.9,,31,1.1435,4.9,,31,1.1454,5.1,,31,1.1452,4.9,,,,,,,,,,,,,,,,,,,,,,,,,,,,,,,,
32,1.5606,25.7,,,,,,,,,,,,,,,,,,32,0.8409,5,,32,0.8435,5,,32,1.1485,5,,32,1.1504,5,,32,1.1502,5,,,,,,,,,,,,,,,,,,,,,,,,,,,,,,,,
33,1.5854,24.8,,,,,,,,,,,,,,,,,,33,0.8458,4.9,,33,0.8483,4.8,,33,1.1535,5,,33,1.1554,5,,33,1.1551,4.9,,,,,,,,,,,,,,,,,,,,,,,,,,,,,,,,
34,1.6117,26.3,,,,,,,,,,,,,,,,,,34,0.8506,4.8,,34,0.853,4.7,,34,1.1589,5.4,,34,1.1607,5.3,,34,1.1602,5.1,,,,,,,,,,,,,,,,,,,,,,,,,,,,,,,,
35,1.636,24.3,,,,,,,,,,,,,,,,,,35,0.8554,4.8,,35,0.8578,4.8,,35,1.1638,4.9,,35,1.1658,5.1,,35,1.1651,4.9,,,,,,,,,,,,,,,,,,,,,,,,,,,,,,,,
36,1.6614,25.4,,,,,,,,,,,,,,,,,,36,0.8605,5.1,,36,0.8628,5,,36,1.1688,5,,36,1.1709,5.1,,36,1.1702,5.1,,,,,,,,,,,,,,,,,,,,,,,,,,,,,,,,
37,1.6858,24.4,,,,,,,,,,,,,,,,,,37,0.8654,4.9,,37,0.8677,4.9,,37,1.1738,5,,37,1.176,5.1,,37,1.1751,4.9,,,,,,,,,,,,,,,,,,,,,,,,,,,,,,,,
38,1.7117,25.9,,,,,,,,,,,,,,,,,,38,0.8701,4.7,,38,0.8726,4.9,,38,1.1786,4.8,,38,1.1809,4.9,,38,1.1801,5,,,,,,,,,,,,,,,,,,,,,,,,,,,,,,,,
39,1.7357,24,,,,,,,,,,,,,,,,,,39,0.8751,5,,39,0.8774,4.8,,39,1.1836,5,,39,1.1861,5.2,,39,1.1851,5,,,,,,,,,,,,,,,,,,,,,,,,,,,,,,,,
3A,1.7617,26,,,,,,,,,,,,,,,,,,3a,0.8801,5,,3a,0.8824,5,,3a,1.1886,5,,3a,1.1911,5,,3a,1.1901,5,,,,,,,,,,,,,,,,,,,,,,,,,,,,,,,,
3B,1.7858,24.1,,,,,,,,,,,,,,,,,,3b,0.8851,5,,3b,0.8873,4.9,,3b,1.1935,4.9,,3b,1.1961,5,,3b,1.195,4.9,,,,,,,,,,,,,,,,,,,,,,,,,,,,,,,,
3C,1.8127,26.9,,,,,,,,,,,,,,,,,,3c,0.8898,4.7,,3c,0.8921,4.8,,3c,1.1989,5.4,,3c,1.2014,5.3,,3c,1.2001,5.1,,,,,,,,,,,,,,,,,,,,,,,,,,,,,,,,
3D,1.8366,23.9,,,,,,,,,,,,,,,,,,3d,0.8947,4.9,,3d,0.8969,4.8,,3d,1.2038,4.9,,3d,1.2065,5.1,,3d,1.205,4.9,,,,,,,,,,,,,,,,,,,,,,,,,,,,,,,,
3E,1.8632,26.6,,,,,,,,,,,,,,,,,,3e,0.8998,5.1,,3e,0.9019,5,,3e,1.2088,5,,3e,1.2115,5,,3e,1.21,5,,,,,,,,,,,,,,,,,,,,,,,,,,,,,,,,
3F,1.8864,23.2,,,,,,,,,,,,,,,,,,3f,0.9047,4.9,,3f,0.9067,4.8,,3f,1.2137,4.9,,3f,1.2166,5.1,,3f,1.2149,4.9,,,,,,,,,,,,,,,,,,,,,,,,,,,,,,,,
,,25.13333333,,,,,,,,,,,,,,,,,,40,0.9101,5.4,,40,0.9123,5.6,,40,1.2178,4.1,,40,1.2224,5.8,,40,1.2198,4.9,,,,,,,,,,,,,,,,,,,,,,,,,,,,,,,,
,,,,,,,,,,,,,,,,,,,,41,0.9149,4.8,,41,0.9171,4.8,,41,1.2227,4.9,,41,1.2274,5,,41,1.2247,4.9,,,,,,,,,,,,,,,,,,,,,,,,,,,,,,,,
,,,,,,,,,,,,,,,,,,,,42,0.9198,4.9,,42,0.9222,5.1,,42,1.2277,5,,42,1.2325,5.1,,42,1.2297,5,,,,,,,,,,,,,,,,,,,,,,,,,,,,,,,,
,,,,,,,,,,,,,,,,,,,,43,0.9249,5.1,,43,0.927,4.8,,43,1.2326,4.9,,43,1.2375,5,,43,1.2346,4.9,,,,,,,,,,,,,,,,,,,,,,,,,,,,,,,,
,,,,,,,,,,,,,,,,,,,,44,0.9295,4.6,,44,0.9317,4.7,,44,1.238,5.4,,44,1.2429,5.4,,44,1.2396,5,,,,,,,,,,,,,,,,,,,,,,,,,,,,,,,,
,,,,,,,,,,,,,,,,,,,,45,0.9345,5,,45,0.9366,4.9,,45,1.2429,4.9,,45,1.248,5.1,,45,1.2446,5,,,,,,,,,,,,,,,,,,,,,,,,,,,,,,,,
,,,,,,,,,,,,,,,,,,,,46,0.9395,5,,46,0.9416,5,,46,1.248,5.1,,46,1.2531,5.1,,46,1.2496,5,,,,,,,,,,,,,,,,,,,,,,,,,,,,,,,,
,,,,,,,,,,,,,,,,,,,,47,0.9445,5,,47,0.9464,4.8,,47,1.2531,5.1,,47,1.2582,5.1,,47,1.2546,5,,,,,,,,,,,,,,,,,,,,,,,,,,,,,,,,
,,,,,,,,,,,,,,,,,,,,48,0.9492,4.7,,48,0.9513,4.9,,48,1.2579,4.8,,48,1.2632,5,,48,1.2595,4.9,,,,,,,,,,,,,,,,,,,,,,,,,,,,,,,,
,,,,,,,,,,,,,,,,,,,,49,0.9539,4.7,,49,0.9561,4.8,,49,1.2628,4.9,,49,1.2682,5,,49,1.2645,5,,,,,,,,,,,,,,,,,,,,,,,,,,,,,,,,
,,,,,,,,,,,,,,,,,,,,4a,0.959,5.1,,4a,0.9611,5,,4a,1.2678,5,,4a,1.2733,5.1,,4a,1.2696,5.1,,,,,,,,,,,,,,,,,,,,,,,,,,,,,,,,
,,,,,,,,,,,,,,,,,,,,4b,0.964,5,,4b,0.966,4.9,,4b,1.2728,5,,4b,1.2784,5.1,,4b,1.2745,4.9,,,,,,,,,,,,,,,,,,,,,,,,,,,,,,,,
,,,,,,,,,,,,,,,,,,,,4c,0.9686,4.6,,4c,0.9708,4.8,,4c,1.2782,5.4,,4c,1.2837,5.3,,4c,1.2796,5.1,,,,,,,,,,,,,,,,,,,,,,,,,,,,,,,,
,,,,,,,,,,,,,,,,,,,,4d,0.9736,5,,4d,0.9758,5,,4d,1.2831,4.9,,4d,1.2887,5,,4d,1.2845,4.9,,,,,,,,,,,,,,,,,,,,,,,,,,,,,,,,
,,,,,,,,,,,,,,,,,,,,4e,0.9787,5.1,,4e,0.9808,5,,4e,1.2881,5,,4e,1.2938,5.1,,4e,1.2895,5,,,,,,,,,,,,,,,,,,,,,,,,,,,,,,,,
,,,,,,,,,,,,,,,,,,,,4f,0.9836,4.9,,4f,0.9856,4.8,,4f,1.293,4.9,,4f,1.2988,5,,4f,1.2944,4.9,,,,,,,,,,,,,,,,,,,,,,,,,,,,,,,,
,,,,,,,,,,,,,,,,,,,,50,0.9884,4.8,,50,0.9907,5.1,,50,1.2982,5.2,,50,1.3028,4,,50,1.2994,5,,,,,,,,,,,,,,,,,,,,,,,,,,,,,,,,
,,,,,,,,,,,,,,,,,,,,51,0.9934,5,,51,0.9956,4.9,,51,1.3032,5,,51,1.3079,5.1,,51,1.3043,4.9,,,,,,,,,,,,,,,,,,,,,,,,,,,,,,,,
,,,,,,,,,,,,,,,,,,,,52,0.9986,5.2,,52,1.0006,5,,52,1.3082,5,,52,1.3129,5,,52,1.3093,5,,,,,,,,,,,,,,,,,,,,,,,,,,,,,,,,
,,,,,,,,,,,,,,,,,,,,53,1.0036,5,,53,1.0055,4.9,,53,1.3131,4.9,,53,1.3179,5,,53,1.3142,4.9,,,,,,,,,,,,,,,,,,,,,,,,,,,,,,,,
,,,,,,,,,,,,,,,,,,,,54,1.0082,4.6,,54,1.0102,4.7,,54,1.3185,5.4,,54,1.3233,5.4,,54,1.3193,5.1,,,,,,,,,,,,,,,,,,,,,,,,,,,,,,,,
,,,,,,,,,,,,,,,,,,,,55,1.0129,4.7,,55,1.015,4.8,,55,1.3235,5,,55,1.3283,5,,55,1.3242,4.9,,,,,,,,,,,,,,,,,,,,,,,,,,,,,,,,
,,,,,,,,,,,,,,,,,,,,56,1.0181,5.2,,56,1.02,5,,56,1.3284,4.9,,56,1.3333,5,,56,1.3292,5,,,,,,,,,,,,,,,,,,,,,,,,,,,,,,,,
,,,,,,,,,,,,,,,,,,,,57,1.0231,5,,57,1.0249,4.9,,57,1.3333,4.9,,57,1.3384,5.1,,57,1.3341,4.9,,,,,,,,,,,,,,,,,,,,,,,,,,,,,,,,
,,,,,,,,,,,,,,,,,,,,58,1.0278,4.7,,58,1.0298,4.9,,58,1.3382,4.9,,58,1.3433,4.9,,58,1.3391,5,,,,,,,,,,,,,,,,,,,,,,,,,,,,,,,,
,,,,,,,,,,,,,,,,,,,,59,1.0328,5,,59,1.0347,4.9,,59,1.3431,4.9,,59,1.3483,5,,59,1.344,4.9,,,,,,,,,,,,,,,,,,,,,,,,,,,,,,,,
,,,,,,,,,,,,,,,,,,,,5a,1.0378,5,,5a,1.0396,4.9,,5a,1.3481,5,,5a,1.3534,5.1,,5a,1.349,5,,,,,,,,,,,,,,,,,,,,,,,,,,,,,,,,
,,,,,,,,,,,,,,,,,,,,5b,1.0427,4.9,,5b,1.0444,4.8,,5b,1.353,4.9,,5b,1.3584,5,,5b,1.3539,4.9,,,,,,,,,,,,,,,,,,,,,,,,,,,,,,,,
,,,,,,,,,,,,,,,,,,,,5c,1.0474,4.7,,5c,1.0492,4.8,,5c,1.3584,5.4,,5c,1.3637,5.3,,5c,1.3589,5,,,,,,,,,,,,,,,,,,,,,,,,,,,,,,,,
,,,,,,,,,,,,,,,,,,,,5d,1.0525,5.1,,5d,1.0539,4.7,,5d,1.3634,5,,5d,1.3688,5.1,,5d,1.3639,5,,,,,,,,,,,,,,,,,,,,,,,,,,,,,,,,
,,,,,,,,,,,,,,,,,,,,5e,1.0575,5,,5e,1.0589,5,,5e,1.3683,4.9,,5e,1.3739,5.1,,5e,1.3689,5,,,,,,,,,,,,,,,,,,,,,,,,,,,,,,,,
,,,,,,,,,,,,,,,,,,,,5f,1.0624,4.9,,5f,1.0638,4.9,,5f,1.3733,5,,5f,1.3791,5.2,,5f,1.3738,4.9,,,,,,,,,,,,,,,,,,,,,,,,,,,,,,,,
,,,,,,,,,,,,,,,,,,,,60,1.0668,4.4,,60,1.0699,6.1,,60,1.3771,3.8,,60,1.3823,3.2,,60,1.3798,6,,,,,,,,,,,,,,,,,,,,,,,,,,,,,,,,
,,,,,,,,,,,,,,,,,,,,61,1.0717,4.9,,61,1.0747,4.8,,61,1.3818,4.7,,61,1.3866,4.3,,61,1.3847,4.9,,,,,,,,,,,,,,,,,,,,,,,,,,,,,,,,
,,,,,,,,,,,,,,,,,,,,62,1.0767,5,,62,1.0797,5,,62,1.3867,4.9,,62,1.3916,5,,62,1.3896,4.9,,,,,,,,,,,,,,,,,,,,,,,,,,,,,,,,
,,,,,,,,,,,,,,,,,,,,63,1.0815,4.8,,63,1.0847,5,,63,1.3916,4.9,,63,1.3966,5,,63,1.3945,4.9,,,,,,,,,,,,,,,,,,,,,,,,,,,,,,,,
,,,,,,,,,,,,,,,,,,,,64,1.0864,4.9,,64,1.0894,4.7,,64,1.3971,5.5,,64,1.402,5.4,,64,1.3996,5.1,,,,,,,,,,,,,,,,,,,,,,,,,,,,,,,,
,,,,,,,,,,,,,,,,,,,,65,1.0912,4.8,,65,1.0942,4.8,,65,1.402,4.9,,65,1.4071,5.1,,65,1.4046,5,,,,,,,,,,,,,,,,,,,,,,,,,,,,,,,,
,,,,,,,,,,,,,,,,,,,,66,1.0964,5.2,,66,1.0991,4.9,,66,1.407,5,,66,1.4121,5,,66,1.4096,5,,,,,,,,,,,,,,,,,,,,,,,,,,,,,,,,
,,,,,,,,,,,,,,,,,,,,67,1.1011,4.7,,67,1.1039,4.8,,67,1.4119,4.9,,67,1.4171,5,,67,1.4145,4.9,,,,,,,,,,,,,,,,,,,,,,,,,,,,,,,,
,,,,,,,,,,,,,,,,,,,,68,1.1058,4.7,,68,1.1089,5,,68,1.4167,4.8,,68,1.422,4.9,,68,1.4194,4.9,,,,,,,,,,,,,,,,,,,,,,,,,,,,,,,,
,,,,,,,,,,,,,,,,,,,,69,1.1108,5,,69,1.1137,4.8,,69,1.4217,5,,69,1.4271,5.1,,69,1.4243,4.9,,,,,,,,,,,,,,,,,,,,,,,,,,,,,,,,
,,,,,,,,,,,,,,,,,,,,6a,1.1157,4.9,,6a,1.1187,5,,6a,1.4266,4.9,,6a,1.4321,5,,6a,1.4293,5,,,,,,,,,,,,,,,,,,,,,,,,,,,,,,,,
,,,,,,,,,,,,,,,,,,,,6b,1.1205,4.8,,6b,1.1235,4.8,,6b,1.4315,4.9,,6b,1.4372,5.1,,6b,1.4343,5,,,,,,,,,,,,,,,,,,,,,,,,,,,,,,,,
,,,,,,,,,,,,,,,,,,,,6c,1.1252,4.7,,6c,1.1282,4.7,,6c,1.4369,5.4,,6c,1.4425,5.3,,6c,1.4393,5,,,,,,,,,,,,,,,,,,,,,,,,,,,,,,,,
,,,,,,,,,,,,,,,,,,,,6d,1.1302,5,,6d,1.1331,4.9,,6d,1.4419,5,,6d,1.4476,5.1,,6d,1.4442,4.9,,,,,,,,,,,,,,,,,,,,,,,,,,,,,,,,
,,,,,,,,,,,,,,,,,,,,6e,1.1353,5.1,,6e,1.1381,5,,6e,1.4469,5,,6e,1.4526,5,,6e,1.4492,5,,,,,,,,,,,,,,,,,,,,,,,,,,,,,,,,
,,,,,,,,,,,,,,,,,,,,6f,1.1401,4.8,,6f,1.1429,4.8,,6f,1.4518,4.9,,6f,1.4576,5,,6f,1.4542,5,,,,,,,,,,,,,,,,,,,,,,,,,,,,,,,,
,,,,,,,,,,,,,,,,,,,,70,1.145,4.9,,70,1.148,5.1,,70,1.457,5.2,,70,1.4616,4,,70,1.4591,4.9,,,,,,,,,,,,,,,,,,,,,,,,,,,,,,,,
,,,,,,,,,,,,,,,,,,,,71,1.1499,4.9,,71,1.1528,4.8,,71,1.462,5,,71,1.4667,5.1,,71,1.4641,5,,,,,,,,,,,,,,,,,,,,,,,,,,,,,,,,
,,,,,,,,,,,,,,,,,,,,72,1.155,5.1,,72,1.1578,5,,72,1.4669,4.9,,72,1.4718,5.1,,72,1.4691,5,,,,,,,,,,,,,,,,,,,,,,,,,,,,,,,,
,,,,,,,,,,,,,,,,,,,,73,1.1598,4.8,,73,1.1627,4.9,,73,1.4719,5,,73,1.4768,5,,73,1.474,4.9,,,,,,,,,,,,,,,,,,,,,,,,,,,,,,,,
,,,,,,,,,,,,,,,,,,,,74,1.1646,4.8,,74,1.1674,4.7,,74,1.4773,5.4,,74,1.4821,5.3,,74,1.4791,5.1,,,,,,,,,,,,,,,,,,,,,,,,,,,,,,,,
,,,,,,,,,,,,,,,,,,,,75,1.1694,4.8,,75,1.1723,4.9,,75,1.4823,5,,75,1.4872,5.1,,75,1.484,4.9,,,,,,,,,,,,,,,,,,,,,,,,,,,,,,,,
,,,,,,,,,,,,,,,,,,,,76,1.1746,5.2,,76,1.1773,5,,76,1.4872,4.9,,76,1.4922,5,,76,1.489,5,,,,,,,,,,,,,,,,,,,,,,,,,,,,,,,,
,,,,,,,,,,,,,,,,,,,,77,1.1796,5,,77,1.1821,4.8,,77,1.4922,5,,77,1.4972,5,,77,1.4939,4.9,,,,,,,,,,,,,,,,,,,,,,,,,,,,,,,,
,,,,,,,,,,,,,,,,,,,,78,1.1842,4.6,,78,1.1871,5,,78,1.497,4.8,,78,1.5021,4.9,,78,1.4988,4.9,,,,,,,,,,,,,,,,,,,,,,,,,,,,,,,,
,,,,,,,,,,,,,,,,,,,,79,1.1892,5,,79,1.1919,4.8,,79,1.5019,4.9,,79,1.5072,5.1,,79,1.5038,5,,,,,,,,,,,,,,,,,,,,,,,,,,,,,,,,
,,,,,,,,,,,,,,,,,,,,7a,1.1941,4.9,,7a,1.1968,4.9,,7a,1.5069,5,,7a,1.5122,5,,7a,1.5087,4.9,,,,,,,,,,,,,,,,,,,,,,,,,,,,,,,,
,,,,,,,,,,,,,,,,,,,,7b,1.1988,4.7,,7b,1.2017,4.9,,7b,1.5119,5,,7b,1.5173,5.1,,7b,1.5137,5,,,,,,,,,,,,,,,,,,,,,,,,,,,,,,,,
,,,,,,,,,,,,,,,,,,,,7c,1.2034,4.6,,7c,1.2064,4.7,,7c,1.5172,5.3,,7c,1.5227,5.4,,7c,1.5187,5,,,,,,,,,,,,,,,,,,,,,,,,,,,,,,,,
,,,,,,,,,,,,,,,,,,,,7d,1.2085,5.1,,7d,1.2112,4.8,,7d,1.5222,5,,7d,1.5278,5.1,,7d,1.5237,5,,,,,,,,,,,,,,,,,,,,,,,,,,,,,,,,
,,,,,,,,,,,,,,,,,,,,7e,1.2135,5,,7e,1.2163,5.1,,7e,1.5272,5,,7e,1.5329,5.1,,7e,1.5288,5.1,,,,,,,,,,,,,,,,,,,,,,,,,,,,,,,,
,,,,,,,,,,,,,,,,,,,,7f,1.2185,5,,7f,1.2211,4.8,,7f,1.5323,5.1,,7f,1.5379,5,,7f,1.5337,4.9,,,,,,,,,,,,,,,,,,,,,,,,,,,,,,,,
,,,,,,,,,,,,,,,,,,,,80,1.2294,10.9,,80,1.2347,13.6,,80,1.5418,9.5,,80,1.5429,5,,80,1.5416,7.9,,,,,,,,,,,,,,,,,,,,,,,,,,,,,,,,
,,,,,,,,,,,,,,,,,,,,81,1.2345,5.1,,81,1.2396,4.9,,81,1.5467,4.9,,81,1.548,5.1,,81,1.5465,4.9,,,,,,,,,,,,,,,,,,,,,,,,,,,,,,,,
,,,,,,,,,,,,,,,,,,,,82,1.2395,5,,82,1.2446,5,,82,1.5517,5,,82,1.553,5,,82,1.5514,4.9,,,,,,,,,,,,,,,,,,,,,,,,,,,,,,,,
,,,,,,,,,,,,,,,,,,,,83,1.2445,5,,83,1.2495,4.9,,83,1.5566,4.9,,83,1.5581,5.1,,83,1.5564,5,,,,,,,,,,,,,,,,,,,,,,,,,,,,,,,,
,,,,,,,,,,,,,,,,,,,,84,1.2491,4.6,,84,1.2543,4.8,,84,1.5622,5.6,,84,1.5634,5.3,,84,1.5616,5.2,,,,,,,,,,,,,,,,,,,,,,,,,,,,,,,,
,,,,,,,,,,,,,,,,,,,,85,1.2543,5.2,,85,1.2591,4.8,,85,1.5671,4.9,,85,1.5685,5.1,,85,1.5665,4.9,,,,,,,,,,,,,,,,,,,,,,,,,,,,,,,,
,,,,,,,,,,,,,,,,,,,,86,1.2592,4.9,,86,1.2642,5.1,,86,1.572,4.9,,86,1.5735,5,,86,1.5715,5,,,,,,,,,,,,,,,,,,,,,,,,,,,,,,,,
,,,,,,,,,,,,,,,,,,,,87,1.264,4.8,,87,1.269,4.8,,87,1.5769,4.9,,87,1.5786,5.1,,87,1.5764,4.9,,,,,,,,,,,,,,,,,,,,,,,,,,,,,,,,
,,,,,,,,,,,,,,,,,,,,88,1.2688,4.8,,88,1.2739,4.9,,88,1.5818,4.9,,88,1.5835,4.9,,88,1.5813,4.9,,,,,,,,,,,,,,,,,,,,,,,,,,,,,,,,
,,,,,,,,,,,,,,,,,,,,89,1.2738,5,,89,1.2787,4.8,,89,1.5867,4.9,,89,1.5886,5.1,,89,1.5863,5,,,,,,,,,,,,,,,,,,,,,,,,,,,,,,,,
,,,,,,,,,,,,,,,,,,,,8a,1.2789,5.1,,8a,1.2837,5,,8a,1.5917,5,,8a,1.5936,5,,8a,1.5912,4.9,,,,,,,,,,,,,,,,,,,,,,,,,,,,,,,,
,,,,,,,,,,,,,,,,,,,,8b,1.284,5.1,,8b,1.2886,4.9,,8b,1.5967,5,,8b,1.5987,5.1,,8b,1.5962,5,,,,,,,,,,,,,,,,,,,,,,,,,,,,,,,,
,,,,,,,,,,,,,,,,,,,,8c,1.2886,4.6,,8c,1.2934,4.8,,8c,1.602,5.3,,8c,1.604,5.3,,8c,1.6012,5,,,,,,,,,,,,,,,,,,,,,,,,,,,,,,,,
,,,,,,,,,,,,,,,,,,,,8d,1.2934,4.8,,8d,1.2982,4.8,,8d,1.607,5,,8d,1.609,5,,8d,1.6062,5,,,,,,,,,,,,,,,,,,,,,,,,,,,,,,,,
,,,,,,,,,,,,,,,,,,,,8e,1.2985,5.1,,8e,1.3032,5,,8e,1.6119,4.9,,8e,1.6141,5.1,,8e,1.6112,5,,,,,,,,,,,,,,,,,,,,,,,,,,,,,,,,
,,,,,,,,,,,,,,,,,,,,8f,1.3034,4.9,,8f,1.308,4.8,,8f,1.6168,4.9,,8f,1.6191,5,,8f,1.6161,4.9,,,,,,,,,,,,,,,,,,,,,,,,,,,,,,,,
,,,,,,,,,,,,,,,,,,,,90,1.308,4.6,,90,1.3131,5.1,,90,1.622,5.2,,90,1.6231,4,,90,1.621,4.9,,,,,,,,,,,,,,,,,,,,,,,,,,,,,,,,
,,,,,,,,,,,,,,,,,,,,91,1.3131,5.1,,91,1.3179,4.8,,91,1.627,5,,91,1.6281,5,,91,1.6259,4.9,,,,,,,,,,,,,,,,,,,,,,,,,,,,,,,,
,,,,,,,,,,,,,,,,,,,,92,1.3182,5.1,,92,1.3229,5,,92,1.6321,5.1,,92,1.6332,5.1,,92,1.6309,5,,,,,,,,,,,,,,,,,,,,,,,,,,,,,,,,
,,,,,,,,,,,,,,,,,,,,93,1.323,4.8,,93,1.3277,4.8,,93,1.6369,4.8,,93,1.6382,5,,93,1.6359,5,,,,,,,,,,,,,,,,,,,,,,,,,,,,,,,,
,,,,,,,,,,,,,,,,,,,,94,1.3278,4.8,,94,1.3324,4.7,,94,1.6423,5.4,,94,1.6435,5.3,,94,1.6409,5,,,,,,,,,,,,,,,,,,,,,,,,,,,,,,,,
,,,,,,,,,,,,,,,,,,,,95,1.3324,4.6,,95,1.3373,4.9,,95,1.6473,5,,95,1.6485,5,,95,1.6458,4.9,,,,,,,,,,,,,,,,,,,,,,,,,,,,,,,,
,,,,,,,,,,,,,,,,,,,,96,1.3376,5.2,,96,1.3423,5,,96,1.6522,4.9,,96,1.6536,5.1,,96,1.6508,5,,,,,,,,,,,,,,,,,,,,,,,,,,,,,,,,
,,,,,,,,,,,,,,,,,,,,97,1.3424,4.8,,97,1.3471,4.8,,97,1.6573,5.1,,97,1.6587,5.1,,97,1.6558,5,,,,,,,,,,,,,,,,,,,,,,,,,,,,,,,,
,,,,,,,,,,,,,,,,,,,,98,1.3473,4.9,,98,1.3521,5,,98,1.6621,4.8,,98,1.6636,4.9,,98,1.6607,4.9,,,,,,,,,,,,,,,,,,,,,,,,,,,,,,,,
,,,,,,,,,,,,,,,,,,,,99,1.3524,5.1,,99,1.3568,4.7,,99,1.6669,4.8,,99,1.6687,5.1,,99,1.6656,4.9,,,,,,,,,,,,,,,,,,,,,,,,,,,,,,,,
,,,,,,,,,,,,,,,,,,,,9a,1.3574,5,,9a,1.3619,5.1,,9a,1.6719,5,,9a,1.6737,5,,9a,1.6707,5.1,,,,,,,,,,,,,,,,,,,,,,,,,,,,,,,,
,,,,,,,,,,,,,,,,,,,,9b,1.3623,4.9,,9b,1.3667,4.8,,9b,1.6769,5,,9b,1.6788,5.1,,9b,1.6755,4.8,,,,,,,,,,,,,,,,,,,,,,,,,,,,,,,,
,,,,,,,,,,,,,,,,,,,,9c,1.3669,4.6,,9c,1.3714,4.7,,9c,1.6823,5.4,,9c,1.6841,5.3,,9c,1.6806,5.1,,,,,,,,,,,,,,,,,,,,,,,,,,,,,,,,
,,,,,,,,,,,,,,,,,,,,9d,1.3718,4.9,,9d,1.3763,4.9,,9d,1.6872,4.9,,9d,1.6892,5.1,,9d,1.6856,5,,,,,,,,,,,,,,,,,,,,,,,,,,,,,,,,
,,,,,,,,,,,,,,,,,,,,9e,1.3771,5.3,,9e,1.3814,5.1,,9e,1.6922,5,,9e,1.6942,5,,9e,1.6905,4.9,,,,,,,,,,,,,,,,,,,,,,,,,,,,,,,,
,,,,,,,,,,,,,,,,,,,,9f,1.3817,4.6,,9f,1.3862,4.8,,9f,1.6971,4.9,,9f,1.6993,5.1,,9f,1.6954,4.9,,,,,,,,,,,,,,,,,,,,,,,,,,,,,,,,
,,,,,,,,,,,,,,,,,,,,a0,1.3864,4.7,,a0,1.3923,6.1,,a0,1.7009,3.8,,a0,1.7027,3.4,,a0,1.7013,5.9,,,,,,,,,,,,,,,,,,,,,,,,,,,,,,,,
,,,,,,,,,,,,,,,,,,,,a1,1.3912,4.8,,a1,1.3971,4.8,,a1,1.7055,4.6,,a1,1.7069,4.2,,a1,1.7062,4.9,,,,,,,,,,,,,,,,,,,,,,,,,,,,,,,,
,,,,,,,,,,,,,,,,,,,,a2,1.3964,5.2,,a2,1.4022,5.1,,a2,1.7104,4.9,,a2,1.7119,5,,a2,1.7112,5,,,,,,,,,,,,,,,,,,,,,,,,,,,,,,,,
,,,,,,,,,,,,,,,,,,,,a3,1.4011,4.7,,a3,1.407,4.8,,a3,1.7155,5.1,,a3,1.7171,5.2,,a3,1.7162,5,,,,,,,,,,,,,,,,,,,,,,,,,,,,,,,,
,,,,,,,,,,,,,,,,,,,,a4,1.406,4.9,,a4,1.4117,4.7,,a4,1.7209,5.4,,a4,1.7223,5.2,,a4,1.7213,5.1,,,,,,,,,,,,,,,,,,,,,,,,,,,,,,,,
,,,,,,,,,,,,,,,,,,,,a5,1.4108,4.8,,a5,1.4165,4.8,,a5,1.7259,5,,a5,1.7274,5.1,,a5,1.7262,4.9,,,,,,,,,,,,,,,,,,,,,,,,,,,,,,,,
,,,,,,,,,,,,,,,,,,,,a6,1.4159,5.1,,a6,1.4214,4.9,,a6,1.7308,4.9,,a6,1.7323,4.9,,a6,1.7311,4.9,,,,,,,,,,,,,,,,,,,,,,,,,,,,,,,,
,,,,,,,,,,,,,,,,,,,,a7,1.421,5.1,,a7,1.4263,4.9,,a7,1.7357,4.9,,a7,1.7374,5.1,,a7,1.736,4.9,,,,,,,,,,,,,,,,,,,,,,,,,,,,,,,,
,,,,,,,,,,,,,,,,,,,,a8,1.4257,4.7,,a8,1.4312,4.9,,a8,1.7406,4.9,,a8,1.7424,5,,a8,1.741,5,,,,,,,,,,,,,,,,,,,,,,,,,,,,,,,,
,,,,,,,,,,,,,,,,,,,,a9,1.4303,4.6,,a9,1.4361,4.9,,a9,1.7455,4.9,,a9,1.7475,5.1,,a9,1.746,5,,,,,,,,,,,,,,,,,,,,,,,,,,,,,,,,
,,,,,,,,,,,,,,,,,,,,aa,1.4353,5,,aa,1.4411,5,,aa,1.7504,4.9,,aa,1.7525,5,,aa,1.7509,4.9,,,,,,,,,,,,,,,,,,,,,,,,,,,,,,,,
,,,,,,,,,,,,,,,,,,,,ab,1.4403,5,,ab,1.4459,4.8,,ab,1.7554,5,,ab,1.7576,5.1,,ab,1.7559,5,,,,,,,,,,,,,,,,,,,,,,,,,,,,,,,,
,,,,,,,,,,,,,,,,,,,,ac,1.4448,4.5,,ac,1.4506,4.7,,ac,1.7608,5.4,,ac,1.7628,5.2,,ac,1.7609,5,,,,,,,,,,,,,,,,,,,,,,,,,,,,,,,,
,,,,,,,,,,,,,,,,,,,,ad,1.4497,4.9,,ad,1.4554,4.8,,ad,1.7657,4.9,,ad,1.7679,5.1,,ad,1.7658,4.9,,,,,,,,,,,,,,,,,,,,,,,,,,,,,,,,
,,,,,,,,,,,,,,,,,,,,ae,1.4545,4.8,,ae,1.4605,5.1,,ae,1.7706,4.9,,ae,1.7729,5,,ae,1.7708,5,,,,,,,,,,,,,,,,,,,,,,,,,,,,,,,,
,,,,,,,,,,,,,,,,,,,,af,1.4597,5.2,,af,1.4654,4.9,,af,1.7757,5.1,,af,1.778,5.1,,af,1.7758,5,,,,,,,,,,,,,,,,,,,,,,,,,,,,,,,,
,,,,,,,,,,,,,,,,,,,,b0,1.4646,4.9,,b0,1.4704,5,,b0,1.7808,5.1,,b0,1.782,4,,b0,1.7807,4.9,,,,,,,,,,,,,,,,,,,,,,,,,,,,,,,,
,,,,,,,,,,,,,,,,,,,,b1,1.4694,4.8,,b1,1.4752,4.8,,b1,1.7857,4.9,,b1,1.7869,4.9,,b1,1.7856,4.9,,,,,,,,,,,,,,,,,,,,,,,,,,,,,,,,
,,,,,,,,,,,,,,,,,,,,b2,1.4748,5.4,,b2,1.4803,5.1,,b2,1.7907,5,,b2,1.792,5.1,,b2,1.7906,5,,,,,,,,,,,,,,,,,,,,,,,,,,,,,,,,
,,,,,,,,,,,,,,,,,,,,b3,1.4795,4.7,,b3,1.485,4.7,,b3,1.7956,4.9,,b3,1.797,5,,b3,1.7955,4.9,,,,,,,,,,,,,,,,,,,,,,,,,,,,,,,,
,,,,,,,,,,,,,,,,,,,,b4,1.4841,4.6,,b4,1.4898,4.8,,b4,1.801,5.4,,b4,1.8024,5.4,,b4,1.8005,5,,,,,,,,,,,,,,,,,,,,,,,,,,,,,,,,
,,,,,,,,,,,,,,,,,,,,b5,1.4891,5,,b5,1.4946,4.8,,b5,1.8061,5.1,,b5,1.8077,5.3,,b5,1.8056,5.1,,,,,,,,,,,,,,,,,,,,,,,,,,,,,,,,
,,,,,,,,,,,,,,,,,,,,b6,1.4942,5.1,,b6,1.4997,5.1,,b6,1.8111,5,,b6,1.8127,5,,b6,1.8106,5,,,,,,,,,,,,,,,,,,,,,,,,,,,,,,,,
,,,,,,,,,,,,,,,,,,,,b7,1.499,4.8,,,,4.957142857,,b7,1.8161,5,,b7,1.8178,5.1,,b7,1.8156,5,,,,,,,,,,,,,,,,,,,,,,,,,,,,,,,,
,,,,,,,,,,,,,,,,,,,,,,4.938461538,,,,,,b8,1.8209,4.8,,b8,1.8227,4.9,,b8,1.8205,4.9,,,,,,,,,,,,,,,,,,,,,,,,,,,,,,,,
,,,,,,,,,,,,,,,,,,,,,,,,,,,,b9,1.8258,4.9,,b9,1.8277,5,,b9,1.8255,5,,,,,,,,,,,,,,,,,,,,,,,,,,,,,,,,
,,,,,,,,,,,,,,,,,,,,,,,,,,,,ba,1.8308,5,,ba,1.8327,5,,ba,1.8305,5,,,,,,,,,,,,,,,,,,,,,,,,,,,,,,,,
,,,,,,,,,,,,,,,,,,,,,,,,,,,,bb,1.8357,4.9,,bb,1.8378,5.1,,bb,1.8354,4.9,,,,,,,,,,,,,,,,,,,,,,,,,,,,,,,,
,,,,,,,,,,,,,,,,,,,,,,,,,,,,bc,1.8411,5.4,,bc,1.8431,5.3,,bc,1.8405,5.1,,,,,,,,,,,,,,,,,,,,,,,,,,,,,,,,
,,,,,,,,,,,,,,,,,,,,,,,,,,,,bd,1.846,4.9,,bd,1.8482,5.1,,bd,1.8453,4.8,,,,,,,,,,,,,,,,,,,,,,,,,,,,,,,,
,,,,,,,,,,,,,,,,,,,,,,,,,,,,be,1.8511,5.1,,be,1.8533,5.1,,be,1.8503,5,,,,,,,,,,,,,,,,,,,,,,,,,,,,,,,,
,,,,,,,,,,,,,,,,,,,,,,,,,,,,bf,1.8561,5,,bf,1.8583,5,,bf,1.8553,5,,,,,,,,,,,,,,,,,,,,,,,,,,,,,,,,
,,,,,,,,,,,,,,,,,,,,,,,,,,,,c0,1.8601,4,,c0,1.8643,6,,c0,1.8601,4.8,,,,,,,,,,,,,,,,,,,,,,,,,,,,,,,,
,,,,,,,,,,,,,,,,,,,,,,,,,,,,c1,1.865,4.9,,c1,1.8692,4.9,,c1,1.865,4.9,,,,,,,,,,,,,,,,,,,,,,,,,,,,,,,,
,,,,,,,,,,,,,,,,,,,,,,,,,,,,c2,1.87,5,,c2,1.8742,5,,c2,1.87,5,,,,,,,,,,,,,,,,,,,,,,,,,,,,,,,,
,,,,,,,,,,,,,,,,,,,,,,,,,,,,c3,1.8749,4.9,,c3,1.8792,5,,c3,1.8749,4.9,,,,,,,,,,,,,,,,,,,,,,,,,,,,,,,,
,,,,,,,,,,,,,,,,,,,,,,,,,,,,c4,1.8802,5.3,,c4,1.8845,5.3,,c4,1.88,5.1,,,,,,,,,,,,,,,,,,,,,,,,,,,,,,,,
,,,,,,,,,,,,,,,,,,,,,,,,,,,,c5,1.8851,4.9,,c5,1.8896,5.1,,c5,1.8849,4.9,,,,,,,,,,,,,,,,,,,,,,,,,,,,,,,,
,,,,,,,,,,,,,,,,,,,,,,,,,,,,c6,1.8902,5.1,,c6,1.8945,4.9,,c6,1.8899,5,,,,,,,,,,,,,,,,,,,,,,,,,,,,,,,,
,,,,,,,,,,,,,,,,,,,,,,,,,,,,c7,1.8951,4.9,,c7,1.8944,-0.1,,c7,1.8948,4.9,,,,,,,,,,,,,,,,,,,,,,,,,,,,,,,,
,,,,,,,,,,,,,,,,,,,,,,,,,,,,c8,1.9,4.9,,c8,1.9045,10.1,,c8,1.8997,4.9,,,,,,,,,,,,,,,,,,,,,,,,,,,,,,,,
,,,,,,,,,,,,,,,,,,,,,,,,,,,,c9,1.9049,4.9,,c9,1.9096,5.1,,c9,1.9047,5,,,,,,,,,,,,,,,,,,,,,,,,,,,,,,,,
,,,,,,,,,,,,,,,,,,,,,,,,,,,,ca,1.9098,4.9,,ca,1.9147,5.1,,ca,1.9096,4.9,,,,,,,,,,,,,,,,,,,,,,,,,,,,,,,,
,,,,,,,,,,,,,,,,,,,,,,,,,,,,cb,1.9148,5,,cb,1.9197,5,,cb,1.9146,5,,,,,,,,,,,,,,,,,,,,,,,,,,,,,,,,
,,,,,,,,,,,,,,,,,,,,,,,,,,,,cc,1.9201,5.3,,cc,1.925,5.3,,cc,1.9196,5,,,,,,,,,,,,,,,,,,,,,,,,,,,,,,,,
,,,,,,,,,,,,,,,,,,,,,,,,,,,,cd,1.9251,5,,cd,1.925,0,,cd,1.9246,5,,,,,,,,,,,,,,,,,,,,,,,,,,,,,,,,
,,,,,,,,,,,,,,,,,,,,,,,,,,,,ce,1.93,4.9,,ce,1.9351,10.1,,ce,1.9295,4.9,,,,,,,,,,,,,,,,,,,,,,,,,,,,,,,,
,,,,,,,,,,,,,,,,,,,,,,,,,,,,cf,1.935,5,,cf,1.9401,5,,cf,1.9344,4.9,,,,,,,,,,,,,,,,,,,,,,,,,,,,,,,,
,,,,,,,,,,,,,,,,,,,,,,,,,,,,d0,1.9402,5.2,,d0,1.9442,4.1,,d0,1.9394,5,,,,,,,,,,,,,,,,,,,,,,,,,,,,,,,,
,,,,,,,,,,,,,,,,,,,,,,,,,,,,d1,1.9451,4.9,,d1,1.9492,5,,d1,1.9443,4.9,,,,,,,,,,,,,,,,,,,,,,,,,,,,,,,,
,,,,,,,,,,,,,,,,,,,,,,,,,,,,d2,1.9501,5,,d2,1.9542,5,,d2,1.9494,5.1,,,,,,,,,,,,,,,,,,,,,,,,,,,,,,,,
,,,,,,,,,,,,,,,,,,,,,,,,,,,,d3,1.955,4.9,,d3,1.9592,5,,d3,1.9543,4.9,,,,,,,,,,,,,,,,,,,,,,,,,,,,,,,,
,,,,,,,,,,,,,,,,,,,,,,,,,,,,d4,1.9604,5.4,,d4,1.9646,5.4,,d4,1.9594,5.1,,,,,,,,,,,,,,,,,,,,,,,,,,,,,,,,
,,,,,,,,,,,,,,,,,,,,,,,,,,,,d5,1.9653,4.9,,d5,1.9695,4.9,,d5,1.9643,4.9,,,,,,,,,,,,,,,,,,,,,,,,,,,,,,,,
,,,,,,,,,,,,,,,,,,,,,,,,,,,,d6,1.9703,5,,d6,1.9747,5.2,,d6,1.9692,4.9,,,,,,,,,,,,,,,,,,,,,,,,,,,,,,,,
,,,,,,,,,,,,,,,,,,,,,,,,,,,,d7,1.9752,4.9,,d7,1.9797,5,,d7,1.9742,5,,,,,,,,,,,,,,,,,,,,,,,,,,,,,,,,
,,,,,,,,,,,,,,,,,,,,,,,,,,,,d8,1.98,4.8,,d8,1.9846,4.9,,d8,1.9791,4.9,,,,,,,,,,,,,,,,,,,,,,,,,,,,,,,,
,,,,,,,,,,,,,,,,,,,,,,,,,,,,d9,1.985,5,,d9,1.9896,5,,d9,1.9841,5,,,,,,,,,,,,,,,,,,,,,,,,,,,,,,,,
,,,,,,,,,,,,,,,,,,,,,,,,,,,,da,1.9899,4.9,,da,1.9945,4.9,,da,1.989,4.9,,,,,,,,,,,,,,,,,,,,,,,,,,,,,,,,
,,,,,,,,,,,,,,,,,,,,,,,,,,,,db,1.9948,4.9,,db,1.9996,5.1,,db,1.9939,4.9,,,,,,,,,,,,,,,,,,,,,,,,,,,,,,,,
,,,,,,,,,,,,,,,,,,,,,,,,,,,,dc,2.0002,5.4,,dc,2.0049,5.3,,dc,1.999,5.1,,,,,,,,,,,,,,,,,,,,,,,,,,,,,,,,
,,,,,,,,,,,,,,,,,,,,,,,,,,,,dd,2.0051,4.9,,dd,2.01,5.1,,dd,2.0039,4.9,,,,,,,,,,,,,,,,,,,,,,,,,,,,,,,,
,,,,,,,,,,,,,,,,,,,,,,,,,,,,de,2.01,4.9,,de,2.015,5,,de,2.009,5.1,,,,,,,,,,,,,,,,,,,,,,,,,,,,,,,,
,,,,,,,,,,,,,,,,,,,,,,,,,,,,df,2.0149,4.9,,df,2.02,5,,df,2.0139,4.9,,,,,,,,,,,,,,,,,,,,,,,,,,,,,,,,
,,,,,,,,,,,,,,,,,,,,,,,,,,,,e0,2.0184,3.5,,e0,2.0237,3.7,,e0,2.0198,5.9,,,,,,,,,,,,,,,,,,,,,,,,,,,,,,,,
,,,,,,,,,,,,,,,,,,,,,,,,,,,,e1,2.0234,5,,e1,2.0275,3.8,,e1,2.0246,4.8,,,,,,,,,,,,,,,,,,,,,,,,,,,,,,,,
,,,,,,,,,,,,,,,,,,,,,,,,,,,,e2,2.0281,4.7,,e2,2.0325,5,,e2,2.0296,5,,,,,,,,,,,,,,,,,,,,,,,,,,,,,,,,
,,,,,,,,,,,,,,,,,,,,,,,,,,,,e3,2.033,4.9,,e3,2.0375,5,,e3,2.0346,5,,,,,,,,,,,,,,,,,,,,,,,,,,,,,,,,
,,,,,,,,,,,,,,,,,,,,,,,,,,,,e4,2.0384,5.4,,e4,2.0427,5.2,,e4,2.0396,5,,,,,,,,,,,,,,,,,,,,,,,,,,,,,,,,
,,,,,,,,,,,,,,,,,,,,,,,,,,,,e5,2.0433,4.9,,e5,2.0477,5,,e5,2.0445,4.9,,,,,,,,,,,,,,,,,,,,,,,,,,,,,,,,
,,,,,,,,,,,,,,,,,,,,,,,,,,,,e6,2.0481,4.8,,e6,2.0525,4.8,,e6,2.0495,5,,,,,,,,,,,,,,,,,,,,,,,,,,,,,,,,
,,,,,,,,,,,,,,,,,,,,,,,,,,,,e7,2.0529,4.8,,e7,2.0574,4.9,,e7,2.0544,4.9,,,,,,,,,,,,,,,,,,,,,,,,,,,,,,,,
,,,,,,,,,,,,,,,,,,,,,,,,,,,,e8,2.0576,4.7,,e8,2.0622,4.8,,e8,2.0594,5,,,,,,,,,,,,,,,,,,,,,,,,,,,,,,,,
,,,,,,,,,,,,,,,,,,,,,,,,,,,,e9,2.0623,4.7,,e9,2.067,4.8,,e9,2.0643,4.9,,,,,,,,,,,,,,,,,,,,,,,,,,,,,,,,
,,,,,,,,,,,,,,,,,,,,,,,,,,,,ea,2.0671,4.8,,ea,2.0718,4.8,,ea,2.0694,5.1,,,,,,,,,,,,,,,,,,,,,,,,,,,,,,,,
,,,,,,,,,,,,,,,,,,,,,,,,,,,,eb,2.0717,4.6,,eb,2.0765,4.7,,eb,2.0743,4.9,,,,,,,,,,,,,,,,,,,,,,,,,,,,,,,,
,,,,,,,,,,,,,,,,,,,,,,,,,,,,ec,2.0768,5.1,,ec,2.0814,4.9,,ec,2.0793,5,,,,,,,,,,,,,,,,,,,,,,,,,,,,,,,,
,,,,,,,,,,,,,,,,,,,,,,,,,,,,ed,2.0814,4.6,,ed,2.0861,4.7,,ed,2.0844,5.1,,,,,,,,,,,,,,,,,,,,,,,,,,,,,,,,
,,,,,,,,,,,,,,,,,,,,,,,,,,,,ee,2.0861,4.7,,ee,2.0906,4.5,,ee,2.0893,4.9,,,,,,,,,,,,,,,,,,,,,,,,,,,,,,,,
,,,,,,,,,,,,,,,,,,,,,,,,,,,,ef,2.0905,4.4,,ef,2.095,4.4,,ef,2.0943,5,,,,,,,,,,,,,,,,,,,,,,,,,,,,,,,,
,,,,,,,,,,,,,,,,,,,,,,,,,,,,,,4.984100418,,f0,2.0985,3.5,,f0,2.0992,4.9,,,,,,,,,,,,,,,,,,,,,,,,,,,,,,,,
,,,,,,,,,,,,,,,,,,,,,,,,,,,,,,,,f1,2.1026,4.1,,f1,2.1042,5,,,,,,,,,,,,,,,,,,,,,,,,,,,,,,,,
,,,,,,,,,,,,,,,,,,,,,,,,,,,,,,,,f2,2.1067,4.1,,f2,2.1091,4.9,,,,,,,,,,,,,,,,,,,,,,,,,,,,,,,,
,,,,,,,,,,,,,,,,,,,,,,,,,,,,,,,,f3,2.1107,4,,f3,2.114,4.9,,,,,,,,,,,,,,,,,,,,,,,,,,,,,,,,
,,,,,,,,,,,,,,,,,,,,,,,,,,,,,,,,f4,2.1148,4.1,,f4,2.1191,5.1,,,,,,,,,,,,,,,,,,,,,,,,,,,,,,,,
,,,,,,,,,,,,,,,,,,,,,,,,,,,,,,,,f5,2.1186,3.8,,f5,2.1241,5,,,,,,,,,,,,,,,,,,,,,,,,,,,,,,,,
,,,,,,,,,,,,,,,,,,,,,,,,,,,,,,,,,,4.969387755,,f6,2.129,4.9,,,,,,,,,,,,,,,,,,,,,,,,,,,,,,,,
,,,,,,,,,,,,,,,,,,,,,,,,,,,,,,,,,,,,f7,2.134,5,,,,,,,,,,,,,,,,,,,,,,,,,,,,,,,,
,,,,,,,,,,,,,,,,,,,,,,,,,,,,,,,,,,,,f8,2.1388,4.8,,,,,,,,,,,,,,,,,,,,,,,,,,,,,,,,
,,,,,,,,,,,,,,,,,,,,,,,,,,,,,,,,,,,,f9,2.1439,5.1,,,,,,,,,,,,,,,,,,,,,,,,,,,,,,,,
,,,,,,,,,,,,,,,,,,,,,,,,,,,,,,,,,,,,fa,2.1489,5,,,,,,,,,,,,,,,,,,,,,,,,,,,,,,,,
,,,,,,,,,,,,,,,,,,,,,,,,,,,,,,,,,,,,fb,2.1538,4.9,,,,,,,,,,,,,,,,,,,,,,,,,,,,,,,,
,,,,,,,,,,,,,,,,,,,,,,,,,,,,,,,,,,,,fc,2.1589,5.1,,,,,,,,,,,,,,,,,,,,,,,,,,,,,,,,
,,,,,,,,,,,,,,,,,,,,,,,,,,,,,,,,,,,,fd,2.1638,4.9,,,,,,,,,,,,,,,,,,,,,,,,,,,,,,,,
,,,,,,,,,,,,,,,,,,,,,,,,,,,,,,,,,,,,fe,2.1687,4.9,,,,,,,,,,,,,,,,,,,,,,,,,,,,,,,,
,,,,,,,,,,,,,,,,,,,,,,,,,,,,,,,,,,,,ff,2.1737,5,,,,,,,,,,,,,,,,,,,,,,,,,,,,,,,,
,,,,,,,,,,,,,,,,,,,,,,,,,,,,,,,,,,,,,,4.991372549,,,,,,,,,,,,,,,,,,,,,,,,,,,,,,,,
,,,,,,,,,,,,,,,,,,,,,,,,,,,,,,,,,,,,,,,,,,,,,,,,,,,,,,,,,,,,,,,,,,,,,,
,,,,,,,,,,,,,,,,,,,,,,,,,,,,,,,,,,,,,,,,,,,,,,,,,,,,,,,,,,,,,,,,,,,,,,
,,,,,,,,,,,,,,,,,,,,,,,,,,,,,,,,,,,,,,,,,,,,,,,,,,,,,,,,,,,,,,,,,,,,,,
,,,,,,,,,,,,,,,,,,,,,,,,,,,,,,,,,,,,,,,,,,,,,,,,,,,,,,,,,,,,,,,,,,,,,,
,,,,,,,,,,,,,,,,,,,,,,,,,,,,,,,,,,,,,,,,,,,,,,,,,,,,,,,,,,,,,,,,,,,,,,
,,,,,,,,,,,,,,,,,,,,,,,,,,,,,,,,,,,,,,,,,,,,,,,,,,,,,,,,,,,,,,,,,,,,,,
,,,,,,,,,,,,,,,,,,,,,,,,,,,,,,,,,,,,,,,,,,,,,,,,,,,,,,,,,,,,,,,,,,,,,,
,,,,,,,,,,,,,,,,,,,,,,,,,,,,,,,,,,,,,,,,,,,,,,,,,,,,,,,,,,,,,,,,,,,,,,
,,,,,,,,,,,,,,,,,,,,,,,,,,,,,,,,,,,,,,,,,,,,,,,,,,,,,,,,,,,,,,,,,,,,,,
,,,,,,,,,,,,,,,,,,,,,,,,,,,,,,,,,,,,,,,,,,,,,,,,,,,,,,,,,,,,,,,,,,,,,,
,,,,,,,,,,,,,,,,,,,,,,,,,,,,,,,,,,,,,,,,,,,,,,,,,,,,,,,,,,,,,,,,,,,,,,
,,,,,,,,,,,,,,,,,,,,,,,,,,,,,,,,,,,,,,,,,,,,,,,,,,,,,,,,,,,,,,,,,,,,,,
,,,,,,,,,,,,,,,,,,,,,,,,,,,,,,,,,,,,,,,,,,,,,,,,,,,,,,,,,,,,,,,,,,,,,,
,,,,,,,,,,,,,,,,,,,,,,,,,,,,,,,,,,,,,,,,,,,,,,,,,,,,,,,,,,,,,,,,,,,,,,
,,,,,,,,,,,,,,,,,,,,,,,,,,,,,,,,,,,,,,,,,,,,,,,,,,,,,,,,,,,,,,,,,,,,,,
,,,,,,,,,,,,,,,,,,,,,,,,,,,,,,,,,,,,,,,,,,,,,,,,,,,,,,,,,,,,,,,,,,,,,,
,,,,,,,,,,,,,,,,,,,,,,,,,,,,,,,,,,,,,,,,,,,,,,,,,,,,,,,,,,,,,,,,,,,,,,
,,,,,,,,,,,,,,,,,,,,,,,,,,,,,,,,,,,,,,,,,,,,,,,,,,,,,,,,,,,,,,,,,,,,,,
,,,,,,,,,,,,,,,,,,,,,,,,,,,,,,,,,,,,,,,,,,,,,,,,,,,,,,,,,,,,,,,,,,,,,,
,,,,,,,,,,,,,,,,,,,,,,,,,,,,,,,,,,,,,,,,,,,,,,,,,,,,,,,,,,,,,,,,,,,,,,
,,,,,,,,,,,,,,,,,,,,,,,,,,,,,,,,,,,,,,,,,,,,,,,,,,,,,,,,,,,,,,,,,,,,,,
,,,,,,,,,,,,,,,,,,,,,,,,,,,,,,,,,,,,,,,,,,,,,,,,,,,,,,,,,,,,,,,,,,,,,,
,,,,,,,,,,,,,,,,,,,,,,,,,,,,,,,,,,,,,,,,,,,,,,,,,,,,,,,,,,,,,,,,,,,,,,
,,,,,,,,,,,,,,,,,,,,,,,,,,,,,,,,,,,,,,,,,,,,,,,,,,,,,,,,,,,,,,,,,,,,,,
,,,,,,,,,,,,,,,,,,,,,,,,,,,,,,,,,,,,,,,,,,,,,,,,,,,,,,,,,,,,,,,,,,,,,,
,,,,,,,,,,,,,,,,,,,,,,,,,,,,,,,,,,,,,,,,,,,,,,,,,,,,,,,,,,,,,,,,,,,,,,
,,,,,,,,,,,,,,,,,,,,,,,,,,,,,,,,,,,,,,,,,,,,,,,,,,,,,,,,,,,,,,,,,,,,,,
,,,,,,,,,,,,,,,,,,,,,,,,,,,,,,,,,,,,,,,,,,,,,,,,,,,,,,,,,,,,,,,,,,,,,,
,,,,,,,,,,,,,,,,,,,,,,,,,,,,,,,,,,,,,,,,,,,,,,,,,,,,,,,,,,,,,,,,,,,,,,
,,,,,,,,,,,,,,,,,,,,,,,,,,,,,,,,,,,,,,,,,,,,,,,,,,,,,,,,,,,,,,,,,,,,,,
,,,,,,,,,,,,,,,,,,,,,,,,,,,,,,,,,,,,,,,,,,,,,,,,,,,,,,,,,,,,,,,,,,,,,,
,,,,,,,,,,,,,,,,,,,,,,,,,,,,,,,,,,,,,,,,,,,,,,,,,,,,,,,,,,,,,,,,,,,,,,
,,,,,,,,,,,,,,,,,,,,,,,,,,,,,,,,,,,,,,,,,,,,,,,,,,,,,,,,,,,,,,,,,,,,,,
,,,,,,,,,,,,,,,,,,,,,,,,,,,,,,,,,,,,,,,,,,,,,,,,,,,,,,,,,,,,,,,,,,,,,,
,,,,,,,,,,,,,,,,,,,,,,,,,,,,,,,,,,,,,,,,,,,,,,,,,,,,,,,,,,,,,,,,,,,,,,
,,,,,,,,,,,,,,,,,,,,,,,,,,,,,,,,,,,,,,,,,,,,,,,,,,,,,,,,,,,,,,,,,,,,,,
,,,,,,,,,,,,,,,,,,,,,,,,,,,,,,,,,,,,,,,,,,,,,,,,,,,,,,,,,,,,,,,,,,,,,,
,,,,,,,,,,,,,,,,,,,,,,,,,,,,,,,,,,,,,,,,,,,,,,,,,,,,,,,,,,,,,,,,,,,,,,
,,,,,,,,,,,,,,,,,,,,,,,,,,,,,,,,,,,,,,,,,,,,,,,,,,,,,,,,,,,,,,,,,,,,,,
,,,,,,,,,,,,,,,,,,,,,,,,,,,,,,,,,,,,,,,,,,,,,,,,,,,,,,,,,,,,,,,,,,,,,,
,,,,,,,,,,,,,,,,,,,,,,,,,,,,,,,,,,,,,,,,,,,,,,,,,,,,,,,,,,,,,,,,,,,,,,
,,,,,,,,,,,,,,,,,,,,,,,,,,,,,,,,,,,,,,,,,,,,,,,,,,,,,,,,,,,,,,,,,,,,,,
,,,,,,,,,,,,,,,,,,,,,,,,,,,,,,,,,,,,,,,,,,,,,,,,,,,,,,,,,,,,,,,,,,,,,,
,,,,,,,,,,,,,,,,,,,,,,,,,,,,,,,,,,,,,,,,,,,,,,,,,,,,,,,,,,,,,,,,,,,,,,
,,,,,,,,,,,,,,,,,,,,,,,,,,,,,,,,,,,,,,,,,,,,,,,,,,,,,,,,,,,,,,,,,,,,,,
,,,,,,,,,,,,,,,,,,,,,,,,,,,,,,,,,,,,,,,,,,,,,,,,,,,,,,,,,,,,,,,,,,,,,,
,,,,,,,,,,,,,,,,,,,,,,,,,,,,,,,,,,,,,,,,,,,,,,,,,,,,,,,,,,,,,,,,,,,,,,
,,,,,,,,,,,,,,,,,,,,,,,,,,,,,,,,,,,,,,,,,,,,,,,,,,,,,,,,,,,,,,,,,,,,,,
,,,,,,,,,,,,,,,,,,,,,,,,,,,,,,,,,,,,,,,,,,,,,,,,,,,,,,,,,,,,,,,,,,,,,,
,,,,,,,,,,,,,,,,,,,,,,,,,,,,,,,,,,,,,,,,,,,,,,,,,,,,,,,,,,,,,,,,,,,,,,
,,,,,,,,,,,,,,,,,,,,,,,,,,,,,,,,,,,,,,,,,,,,,,,,,,,,,,,,,,,,,,,,,,,,,,
,,,,,,,,,,,,,,,,,,,,,,,,,,,,,,,,,,,,,,,,,,,,,,,,,,,,,,,,,,,,,,,,,,,,,,
,,,,,,,,,,,,,,,,,,,,,,,,,,,,,,,,,,,,,,,,,,,,,,,,,,,,,,,,,,,,,,,,,,,,,,
,,,,,,,,,,,,,,,,,,,,,,,,,,,,,,,,,,,,,,,,,,,,,,,,,,,,,,,,,,,,,,,,,,,,,,
,,,,,,,,,,,,,,,,,,,,,,,,,,,,,,,,,,,,,,,,,,,,,,,,,,,,,,,,,,,,,,,,,,,,,,
,,,,,,,,,,,,,,,,,,,,,,,,,,,,,,,,,,,,,,,,,,,,,,,,,,,,,,,,,,,,,,,,,,,,,,
,,,,,,,,,,,,,,,,,,,,,,,,,,,,,,,,,,,,,,,,,,,,,,,,,,,,,,,,,,,,,,,,,,,,,,
,,,,,,,,,,,,,,,,,,,,,,,,,,,,,,,,,,,,,,,,,,,,,,,,,,,,,,,,,,,,,,,,,,,,,,
,,,,,,,,,,,,,,,,,,,,,,,,,,,,,,,,,,,,,,,,,,,,,,,,,,,,,,,,,,,,,,,,,,,,,,
,,,,,,,,,,,,,,,,,,,,,,,,,,,,,,,,,,,,,,,,,,,,,,,,,,,,,,,,,,,,,,,,,,,,,,
,,,,,,,,,,,,,,,,,,,,,,,,,,,,,,,,,,,,,,,,,,,,,,,,,,,,,,,,,,,,,,,,,,,,,,
,,,,,,,,,,,,,,,,,,,,,,,,,,,,,,,,,,,,,,,,,,,,,,,,,,,,,,,,,,,,,,,,,,,,,,
,,,,,,,,,,,,,,,,,,,,,,,,,,,,,,,,,,,,,,,,,,,,,,,,,,,,,,,,,,,,,,,,,,,,,,
,,,,,,,,,,,,,,,,,,,,,,,,,,,,,,,,,,,,,,,,,,,,,,,,,,,,,,,,,,,,,,,,,,,,,,
,,,,,,,,,,,,,,,,,,,,,,,,,,,,,,,,,,,,,,,,,,,,,,,,,,,,,,,,,,,,,,,,,,,,,,
,,,,,,,,,,,,,,,,,,,,,,,,,,,,,,,,,,,,,,,,,,,,,,,,,,,,,,,,,,,,,,,,,,,,,,
,,,,,,,,,,,,,,,,,,,,,,,,,,,,,,,,,,,,,,,,,,,,,,,,,,,,,,,,,,,,,,,,,,,,,,
,,,,,,,,,,,,,,,,,,,,,,,,,,,,,,,,,,,,,,,,,,,,,,,,,,,,,,,,,,,,,,,,,,,,,,
,,,,,,,,,,,,,,,,,,,,,,,,,,,,,,,,,,,,,,,,,,,,,,,,,,,,,,,,,,,,,,,,,,,,,,
,,,,,,,,,,,,,,,,,,,,,,,,,,,,,,,,,,,,,,,,,,,,,,,,,,,,,,,,,,,,,,,,,,,,,,
,,,,,,,,,,,,,,,,,,,,,,,,,,,,,,,,,,,,,,,,,,,,,,,,,,,,,,,,,,,,,,,,,,,,,,
,,,,,,,,,,,,,,,,,,,,,,,,,,,,,,,,,,,,,,,,,,,,,,,,,,,,,,,,,,,,,,,,,,,,,,
,,,,,,,,,,,,,,,,,,,,,,,,,,,,,,,,,,,,,,,,,,,,,,,,,,,,,,,,,,,,,,,,,,,,,,
,,,,,,,,,,,,,,,,,,,,,,,,,,,,,,,,,,,,,,,,,,,,,,,,,,,,,,,,,,,,,,,,,,,,,,
,,,,,,,,,,,,,,,,,,,,,,,,,,,,,,,,,,,,,,,,,,,,,,,,,,,,,,,,,,,,,,,,,,,,,,
,,,,,,,,,,,,,,,,,,,,,,,,,,,,,,,,,,,,,,,,,,,,,,,,,,,,,,,,,,,,,,,,,,,,,,
,,,,,,,,,,,,,,,,,,,,,,,,,,,,,,,,,,,,,,,,,,,,,,,,,,,,,,,,,,,,,,,,,,,,,,
,,,,,,,,,,,,,,,,,,,,,,,,,,,,,,,,,,,,,,,,,,,,,,,,,,,,,,,,,,,,,,,,,,,,,,
,,,,,,,,,,,,,,,,,,,,,,,,,,,,,,,,,,,,,,,,,,,,,,,,,,,,,,,,,,,,,,,,,,,,,,
,,,,,,,,,,,,,,,,,,,,,,,,,,,,,,,,,,,,,,,,,,,,,,,,,,,,,,,,,,,,,,,,,,,,,,
,,,,,,,,,,,,,,,,,,,,,,,,,,,,,,,,,,,,,,,,,,,,,,,,,,,,,,,,,,,,,,,,,,,,,,
,,,,,,,,,,,,,,,,,,,,,,,,,,,,,,,,,,,,,,,,,,,,,,,,,,,,,,,,,,,,,,,,,,,,,,
,,,,,,,,,,,,,,,,,,,,,,,,,,,,,,,,,,,,,,,,,,,,,,,,,,,,,,,,,,,,,,,,,,,,,,
,,,,,,,,,,,,,,,,,,,,,,,,,,,,,,,,,,,,,,,,,,,,,,,,,,,,,,,,,,,,,,,,,,,,,,
,,,,,,,,,,,,,,,,,,,,,,,,,,,,,,,,,,,,,,,,,,,,,,,,,,,,,,,,,,,,,,,,,,,,,,
,,,,,,,,,,,,,,,,,,,,,,,,,,,,,,,,,,,,,,,,,,,,,,,,,,,,,,,,,,,,,,,,,,,,,,
,,,,,,,,,,,,,,,,,,,,,,,,,,,,,,,,,,,,,,,,,,,,,,,,,,,,,,,,,,,,,,,,,,,,,,
,,,,,,,,,,,,,,,,,,,,,,,,,,,,,,,,,,,,,,,,,,,,,,,,,,,,,,,,,,,,,,,,,,,,,,
,,,,,,,,,,,,,,,,,,,,,,,,,,,,,,,,,,,,,,,,,,,,,,,,,,,,,,,,,,,,,,,,,,,,,,
,,,,,,,,,,,,,,,,,,,,,,,,,,,,,,,,,,,,,,,,,,,,,,,,,,,,,,,,,,,,,,,,,,,,,,
,,,,,,,,,,,,,,,,,,,,,,,,,,,,,,,,,,,,,,,,,,,,,,,,,,,,,,,,,,,,,,,,,,,,,,
,,,,,,,,,,,,,,,,,,,,,,,,,,,,,,,,,,,,,,,,,,,,,,,,,,,,,,,,,,,,,,,,,,,,,,
,,,,,,,,,,,,,,,,,,,,,,,,,,,,,,,,,,,,,,,,,,,,,,,,,,,,,,,,,,,,,,,,,,,,,,
,,,,,,,,,,,,,,,,,,,,,,,,,,,,,,,,,,,,,,,,,,,,,,,,,,,,,,,,,,,,,,,,,,,,,,
,,,,,,,,,,,,,,,,,,,,,,,,,,,,,,,,,,,,,,,,,,,,,,,,,,,,,,,,,,,,,,,,,,,,,,
,,,,,,,,,,,,,,,,,,,,,,,,,,,,,,,,,,,,,,,,,,,,,,,,,,,,,,,,,,,,,,,,,,,,,,
,,,,,,,,,,,,,,,,,,,,,,,,,,,,,,,,,,,,,,,,,,,,,,,,,,,,,,,,,,,,,,,,,,,,,,
,,,,,,,,,,,,,,,,,,,,,,,,,,,,,,,,,,,,,,,,,,,,,,,,,,,,,,,,,,,,,,,,,,,,,,
,,,,,,,,,,,,,,,,,,,,,,,,,,,,,,,,,,,,,,,,,,,,,,,,,,,,,,,,,,,,,,,,,,,,,,
,,,,,,,,,,,,,,,,,,,,,,,,,,,,,,,,,,,,,,,,,,,,,,,,,,,,,,,,,,,,,,,,,,,,,,
,,,,,,,,,,,,,,,,,,,,,,,,,,,,,,,,,,,,,,,,,,,,,,,,,,,,,,,,,,,,,,,,,,,,,,
,,,,,,,,,,,,,,,,,,,,,,,,,,,,,,,,,,,,,,,,,,,,,,,,,,,,,,,,,,,,,,,,,,,,,,
,,,,,,,,,,,,,,,,,,,,,,,,,,,,,,,,,,,,,,,,,,,,,,,,,,,,,,,,,,,,,,,,,,,,,,
,,,,,,,,,,,,,,,,,,,,,,,,,,,,,,,,,,,,,,,,,,,,,,,,,,,,,,,,,,,,,,,,,,,,,,
,,,,,,,,,,,,,,,,,,,,,,,,,,,,,,,,,,,,,,,,,,,,,,,,,,,,,,,,,,,,,,,,,,,,,,
,,,,,,,,,,,,,,,,,,,,,,,,,,,,,,,,,,,,,,,,,,,,,,,,,,,,,,,,,,,,,,,,,,,,,,
,,,,,,,,,,,,,,,,,,,,,,,,,,,,,,,,,,,,,,,,,,,,,,,,,,,,,,,,,,,,,,,,,,,,,,
,,,,,,,,,,,,,,,,,,,,,,,,,,,,,,,,,,,,,,,,,,,,,,,,,,,,,,,,,,,,,,,,,,,,,,
,,,,,,,,,,,,,,,,,,,,,,,,,,,,,,,,,,,,,,,,,,,,,,,,,,,,,,,,,,,,,,,,,,,,,,
,,,,,,,,,,,,,,,,,,,,,,,,,,,,,,,,,,,,,,,,,,,,,,,,,,,,,,,,,,,,,,,,,,,,,,
,,,,,,,,,,,,,,,,,,,,,,,,,,,,,,,,,,,,,,,,,,,,,,,,,,,,,,,,,,,,,,,,,,,,,,
,,,,,,,,,,,,,,,,,,,,,,,,,,,,,,,,,,,,,,,,,,,,,,,,,,,,,,,,,,,,,,,,,,,,,,
,,,,,,,,,,,,,,,,,,,,,,,,,,,,,,,,,,,,,,,,,,,,,,,,,,,,,,,,,,,,,,,,,,,,,,
,,,,,,,,,,,,,,,,,,,,,,,,,,,,,,,,,,,,,,,,,,,,,,,,,,,,,,,,,,,,,,,,,,,,,,
,,,,,,,,,,,,,,,,,,,,,,,,,,,,,,,,,,,,,,,,,,,,,,,,,,,,,,,,,,,,,,,,,,,,,,
,,,,,,,,,,,,,,,,,,,,,,,,,,,,,,,,,,,,,,,,,,,,,,,,,,,,,,,,,,,,,,,,,,,,,,
,,,,,,,,,,,,,,,,,,,,,,,,,,,,,,,,,,,,,,,,,,,,,,,,,,,,,,,,,,,,,,,,,,,,,,
,,,,,,,,,,,,,,,,,,,,,,,,,,,,,,,,,,,,,,,,,,,,,,,,,,,,,,,,,,,,,,,,,,,,,,
,,,,,,,,,,,,,,,,,,,,,,,,,,,,,,,,,,,,,,,,,,,,,,,,,,,,,,,,,,,,,,,,,,,,,,
,,,,,,,,,,,,,,,,,,,,,,,,,,,,,,,,,,,,,,,,,,,,,,,,,,,,,,,,,,,,,,,,,,,,,,
,,,,,,,,,,,,,,,,,,,,,,,,,,,,,,,,,,,,,,,,,,,,,,,,,,,,,,,,,,,,,,,,,,,,,,
,,,,,,,,,,,,,,,,,,,,,,,,,,,,,,,,,,,,,,,,,,,,,,,,,,,,,,,,,,,,,,,,,,,,,,
,,,,,,,,,,,,,,,,,,,,,,,,,,,,,,,,,,,,,,,,,,,,,,,,,,,,,,,,,,,,,,,,,,,,,,
,,,,,,,,,,,,,,,,,,,,,,,,,,,,,,,,,,,,,,,,,,,,,,,,,,,,,,,,,,,,,,,,,,,,,,
,,,,,,,,,,,,,,,,,,,,,,,,,,,,,,,,,,,,,,,,,,,,,,,,,,,,,,,,,,,,,,,,,,,,,,
,,,,,,,,,,,,,,,,,,,,,,,,,,,,,,,,,,,,,,,,,,,,,,,,,,,,,,,,,,,,,,,,,,,,,,
,,,,,,,,,,,,,,,,,,,,,,,,,,,,,,,,,,,,,,,,,,,,,,,,,,,,,,,,,,,,,,,,,,,,,,
,,,,,,,,,,,,,,,,,,,,,,,,,,,,,,,,,,,,,,,,,,,,,,,,,,,,,,,,,,,,,,,,,,,,,,
,,,,,,,,,,,,,,,,,,,,,,,,,,,,,,,,,,,,,,,,,,,,,,,,,,,,,,,,,,,,,,,,,,,,,,
,,,,,,,,,,,,,,,,,,,,,,,,,,,,,,,,,,,,,,,,,,,,,,,,,,,,,,,,,,,,,,,,,,,,,,
,,,,,,,,,,,,,,,,,,,,,,,,,,,,,,,,,,,,,,,,,,,,,,,,,,,,,,,,,,,,,,,,,,,,,,
,,,,,,,,,,,,,,,,,,,,,,,,,,,,,,,,,,,,,,,,,,,,,,,,,,,,,,,,,,,,,,,,,,,,,,
,,,,,,,,,,,,,,,,,,,,,,,,,,,,,,,,,,,,,,,,,,,,,,,,,,,,,,,,,,,,,,,,,,,,,,
,,,,,,,,,,,,,,,,,,,,,,,,,,,,,,,,,,,,,,,,,,,,,,,,,,,,,,,,,,,,,,,,,,,,,,
,,,,,,,,,,,,,,,,,,,,,,,,,,,,,,,,,,,,,,,,,,,,,,,,,,,,,,,,,,,,,,,,,,,,,,
,,,,,,,,,,,,,,,,,,,,,,,,,,,,,,,,,,,,,,,,,,,,,,,,,,,,,,,,,,,,,,,,,,,,,,
,,,,,,,,,,,,,,,,,,,,,,,,,,,,,,,,,,,,,,,,,,,,,,,,,,,,,,,,,,,,,,,,,,,,,,
,,,,,,,,,,,,,,,,,,,,,,,,,,,,,,,,,,,,,,,,,,,,,,,,,,,,,,,,,,,,,,,,,,,,,,
,,,,,,,,,,,,,,,,,,,,,,,,,,,,,,,,,,,,,,,,,,,,,,,,,,,,,,,,,,,,,,,,,,,,,,
,,,,,,,,,,,,,,,,,,,,,,,,,,,,,,,,,,,,,,,,,,,,,,,,,,,,,,,,,,,,,,,,,,,,,,
,,,,,,,,,,,,,,,,,,,,,,,,,,,,,,,,,,,,,,,,,,,,,,,,,,,,,,,,,,,,,,,,,,,,,,
,,,,,,,,,,,,,,,,,,,,,,,,,,,,,,,,,,,,,,,,,,,,,,,,,,,,,,,,,,,,,,,,,,,,,,
,,,,,,,,,,,,,,,,,,,,,,,,,,,,,,,,,,,,,,,,,,,,,,,,,,,,,,,,,,,,,,,,,,,,,,
,,,,,,,,,,,,,,,,,,,,,,,,,,,,,,,,,,,,,,,,,,,,,,,,,,,,,,,,,,,,,,,,,,,,,,
,,,,,,,,,,,,,,,,,,,,,,,,,,,,,,,,,,,,,,,,,,,,,,,,,,,,,,,,,,,,,,,,,,,,,,
,,,,,,,,,,,,,,,,,,,,,,,,,,,,,,,,,,,,,,,,,,,,,,,,,,,,,,,,,,,,,,,,,,,,,,
,,,,,,,,,,,,,,,,,,,,,,,,,,,,,,,,,,,,,,,,,,,,,,,,,,,,,,,,,,,,,,,,,,,,,,
,,,,,,,,,,,,,,,,,,,,,,,,,,,,,,,,,,,,,,,,,,,,,,,,,,,,,,,,,,,,,,,,,,,,,,
,,,,,,,,,,,,,,,,,,,,,,,,,,,,,,,,,,,,,,,,,,,,,,,,,,,,,,,,,,,,,,,,,,,,,,
,,,,,,,,,,,,,,,,,,,,,,,,,,,,,,,,,,,,,,,,,,,,,,,,,,,,,,,,,,,,,,,,,,,,,,
,,,,,,,,,,,,,,,,,,,,,,,,,,,,,,,,,,,,,,,,,,,,,,,,,,,,,,,,,,,,,,,,,,,,,,
,,,,,,,,,,,,,,,,,,,,,,,,,,,,,,,,,,,,,,,,,,,,,,,,,,,,,,,,,,,,,,,,,,,,,,
,,,,,,,,,,,,,,,,,,,,,,,,,,,,,,,,,,,,,,,,,,,,,,,,,,,,,,,,,,,,,,,,,,,,,,
,,,,,,,,,,,,,,,,,,,,,,,,,,,,,,,,,,,,,,,,,,,,,,,,,,,,,,,,,,,,,,,,,,,,,,
,,,,,,,,,,,,,,,,,,,,,,,,,,,,,,,,,,,,,,,,,,,,,,,,,,,,,,,,,,,,,,,,,,,,,,
,,,,,,,,,,,,,,,,,,,,,,,,,,,,,,,,,,,,,,,,,,,,,,,,,,,,,,,,,,,,,,,,,,,,,,
,,,,,,,,,,,,,,,,,,,,,,,,,,,,,,,,,,,,,,,,,,,,,,,,,,,,,,,,,,,,,,,,,,,,,,
,,,,,,,,,,,,,,,,,,,,,,,,,,,,,,,,,,,,,,,,,,,,,,,,,,,,,,,,,,,,,,,,,,,,,,
,,,,,,,,,,,,,,,,,,,,,,,,,,,,,,,,,,,,,,,,,,,,,,,,,,,,,,,,,,,,,,,,,,,,,,
,,,,,,,,,,,,,,,,,,,,,,,,,,,,,,,,,,,,,,,,,,,,,,,,,,,,,,,,,,,,,,,,,,,,,,
,,,,,,,,,,,,,,,,,,,,,,,,,,,,,,,,,,,,,,,,,,,,,,,,,,,,,,,,,,,,,,,,,,,,,,
,,,,,,,,,,,,,,,,,,,,,,,,,,,,,,,,,,,,,,,,,,,,,,,,,,,,,,,,,,,,,,,,,,,,,,
,,,,,,,,,,,,,,,,,,,,,,,,,,,,,,,,,,,,,,,,,,,,,,,,,,,,,,,,,,,,,,,,,,,,,,
,,,,,,,,,,,,,,,,,,,,,,,,,,,,,,,,,,,,,,,,,,,,,,,,,,,,,,,,,,,,,,,,,,,,,,
,,,,,,,,,,,,,,,,,,,,,,,,,,,,,,,,,,,,,,,,,,,,,,,,,,,,,,,,,,,,,,,,,,,,,,
,,,,,,,,,,,,,,,,,,,,,,,,,,,,,,,,,,,,,,,,,,,,,,,,,,,,,,,,,,,,,,,,,,,,,,
,,,,,,,,,,,,,,,,,,,,,,,,,,,,,,,,,,,,,,,,,,,,,,,,,,,,,,,,,,,,,,,,,,,,,,
,,,,,,,,,,,,,,,,,,,,,,,,,,,,,,,,,,,,,,,,,,,,,,,,,,,,,,,,,,,,,,,,,,,,,,
,,,,,,,,,,,,,,,,,,,,,,,,,,,,,,,,,,,,,,,,,,,,,,,,,,,,,,,,,,,,,,,,,,,,,,
,,,,,,,,,,,,,,,,,,,,,,,,,,,,,,,,,,,,,,,,,,,,,,,,,,,,,,,,,,,,,,,,,,,,,,
,,,,,,,,,,,,,,,,,,,,,,,,,,,,,,,,,,,,,,,,,,,,,,,,,,,,,,,,,,,,,,,,,,,,,,
,,,,,,,,,,,,,,,,,,,,,,,,,,,,,,,,,,,,,,,,,,,,,,,,,,,,,,,,,,,,,,,,,,,,,,
,,,,,,,,,,,,,,,,,,,,,,,,,,,,,,,,,,,,,,,,,,,,,,,,,,,,,,,,,,,,,,,,,,,,,,
,,,,,,,,,,,,,,,,,,,,,,,,,,,,,,,,,,,,,,,,,,,,,,,,,,,,,,,,,,,,,,,,,,,,,,
,,,,,,,,,,,,,,,,,,,,,,,,,,,,,,,,,,,,,,,,,,,,,,,,,,,,,,,,,,,,,,,,,,,,,,
,,,,,,,,,,,,,,,,,,,,,,,,,,,,,,,,,,,,,,,,,,,,,,,,,,,,,,,,,,,,,,,,,,,,,,
,,,,,,,,,,,,,,,,,,,,,,,,,,,,,,,,,,,,,,,,,,,,,,,,,,,,,,,,,,,,,,,,,,,,,,
,,,,,,,,,,,,,,,,,,,,,,,,,,,,,,,,,,,,,,,,,,,,,,,,,,,,,,,,,,,,,,,,,,,,,,
,,,,,,,,,,,,,,,,,,,,,,,,,,,,,,,,,,,,,,,,,,,,,,,,,,,,,,,,,,,,,,,,,,,,,,
,,,,,,,,,,,,,,,,,,,,,,,,,,,,,,,,,,,,,,,,,,,,,,,,,,,,,,,,,,,,,,,,,,,,,,
,,,,,,,,,,,,,,,,,,,,,,,,,,,,,,,,,,,,,,,,,,,,,,,,,,,,,,,,,,,,,,,,,,,,,,
,,,,,,,,,,,,,,,,,,,,,,,,,,,,,,,,,,,,,,,,,,,,,,,,,,,,,,,,,,,,,,,,,,,,,,
,,,,,,,,,,,,,,,,,,,,,,,,,,,,,,,,,,,,,,,,,,,,,,,,,,,,,,,,,,,,,,,,,,,,,,
,,,,,,,,,,,,,,,,,,,,,,,,,,,,,,,,,,,,,,,,,,,,,,,,,,,,,,,,,,,,,,,,,,,,,,
,,,,,,,,,,,,,,,,,,,,,,,,,,,,,,,,,,,,,,,,,,,,,,,,,,,,,,,,,,,,,,,,,,,,,,
,,,,,,,,,,,,,,,,,,,,,,,,,,,,,,,,,,,,,,,,,,,,,,,,,,,,,,,,,,,,,,,,,,,,,,
,,,,,,,,,,,,,,,,,,,,,,,,,,,,,,,,,,,,,,,,,,,,,,,,,,,,,,,,,,,,,,,,,,,,,,
,,,,,,,,,,,,,,,,,,,,,,,,,,,,,,,,,,,,,,,,,,,,,,,,,,,,,,,,,,,,,,,,,,,,,,
,,,,,,,,,,,,,,,,,,,,,,,,,,,,,,,,,,,,,,,,,,,,,,,,,,,,,,,,,,,,,,,,,,,,,,
,,,,,,,,,,,,,,,,,,,,,,,,,,,,,,,,,,,,,,,,,,,,,,,,,,,,,,,,,,,,,,,,,,,,,,
,,,,,,,,,,,,,,,,,,,,,,,,,,,,,,,,,,,,,,,,,,,,,,,,,,,,,,,,,,,,,,,,,,,,,,
,,,,,,,,,,,,,,,,,,,,,,,,,,,,,,,,,,,,,,,,,,,,,,,,,,,,,,,,,,,,,,,,,,,,,,
,,,,,,,,,,,,,,,,,,,,,,,,,,,,,,,,,,,,,,,,,,,,,,,,,,,,,,,,,,,,,,,,,,,,,,
,,,,,,,,,,,,,,,,,,,,,,,,,,,,,,,,,,,,,,,,,,,,,,,,,,,,,,,,,,,,,,,,,,,,,,
,,,,,,,,,,,,,,,,,,,,,,,,,,,,,,,,,,,,,,,,,,,,,,,,,,,,,,,,,,,,,,,,,,,,,,
,,,,,,,,,,,,,,,,,,,,,,,,,,,,,,,,,,,,,,,,,,,,,,,,,,,,,,,,,,,,,,,,,,,,,,
,,,,,,,,,,,,,,,,,,,,,,,,,,,,,,,,,,,,,,,,,,,,,,,,,,,,,,,,,,,,,,,,,,,,,,
,,,,,,,,,,,,,,,,,,,,,,,,,,,,,,,,,,,,,,,,,,,,,,,,,,,,,,,,,,,,,,,,,,,,,,
,,,,,,,,,,,,,,,,,,,,,,,,,,,,,,,,,,,,,,,,,,,,,,,,,,,,,,,,,,,,,,,,,,,,,,
,,,,,,,,,,,,,,,,,,,,,,,,,,,,,,,,,,,,,,,,,,,,,,,,,,,,,,,,,,,,,,,,,,,,,,
,,,,,,,,,,,,,,,,,,,,,,,,,,,,,,,,,,,,,,,,,,,,,,,,,,,,,,,,,,,,,,,,,,,,,,
,,,,,,,,,,,,,,,,,,,,,,,,,,,,,,,,,,,,,,,,,,,,,,,,,,,,,,,,,,,,,,,,,,,,,,
,,,,,,,,,,,,,,,,,,,,,,,,,,,,,,,,,,,,,,,,,,,,,,,,,,,,,,,,,,,,,,,,,,,,,,
,,,,,,,,,,,,,,,,,,,,,,,,,,,,,,,,,,,,,,,,,,,,,,,,,,,,,,,,,,,,,,,,,,,,,,
,,,,,,,,,,,,,,,,,,,,,,,,,,,,,,,,,,,,,,,,,,,,,,,,,,,,,,,,,,,,,,,,,,,,,,
,,,,,,,,,,,,,,,,,,,,,,,,,,,,,,,,,,,,,,,,,,,,,,,,,,,,,,,,,,,,,,,,,,,,,,
,,,,,,,,,,,,,,,,,,,,,,,,,,,,,,,,,,,,,,,,,,,,,,,,,,,,,,,,,,,,,,,,,,,,,,
,,,,,,,,,,,,,,,,,,,,,,,,,,,,,,,,,,,,,,,,,,,,,,,,,,,,,,,,,,,,,,,,,,,,,,
,,,,,,,,,,,,,,,,,,,,,,,,,,,,,,,,,,,,,,,,,,,,,,,,,,,,,,,,,,,,,,,,,,,,,,
,,,,,,,,,,,,,,,,,,,,,,,,,,,,,,,,,,,,,,,,,,,,,,,,,,,,,,,,,,,,,,,,,,,,,,
,,,,,,,,,,,,,,,,,,,,,,,,,,,,,,,,,,,,,,,,,,,,,,,,,,,,,,,,,,,,,,,,,,,,,,
,,,,,,,,,,,,,,,,,,,,,,,,,,,,,,,,,,,,,,,,,,,,,,,,,,,,,,,,,,,,,,,,,,,,,,
,,,,,,,,,,,,,,,,,,,,,,,,,,,,,,,,,,,,,,,,,,,,,,,,,,,,,,,,,,,,,,,,,,,,,,
,,,,,,,,,,,,,,,,,,,,,,,,,,,,,,,,,,,,,,,,,,,,,,,,,,,,,,,,,,,,,,,,,,,,,,
,,,,,,,,,,,,,,,,,,,,,,,,,,,,,,,,,,,,,,,,,,,,,,,,,,,,,,,,,,,,,,,,,,,,,,
,,,,,,,,,,,,,,,,,,,,,,,,,,,,,,,,,,,,,,,,,,,,,,,,,,,,,,,,,,,,,,,,,,,,,,
,,,,,,,,,,,,,,,,,,,,,,,,,,,,,,,,,,,,,,,,,,,,,,,,,,,,,,,,,,,,,,,,,,,,,,
,,,,,,,,,,,,,,,,,,,,,,,,,,,,,,,,,,,,,,,,,,,,,,,,,,,,,,,,,,,,,,,,,,,,,,
,,,,,,,,,,,,,,,,,,,,,,,,,,,,,,,,,,,,,,,,,,,,,,,,,,,,,,,,,,,,,,,,,,,,,,
,,,,,,,,,,,,,,,,,,,,,,,,,,,,,,,,,,,,,,,,,,,,,,,,,,,,,,,,,,,,,,,,,,,,,,
,,,,,,,,,,,,,,,,,,,,,,,,,,,,,,,,,,,,,,,,,,,,,,,,,,,,,,,,,,,,,,,,,,,,,,
,,,,,,,,,,,,,,,,,,,,,,,,,,,,,,,,,,,,,,,,,,,,,,,,,,,,,,,,,,,,,,,,,,,,,,
,,,,,,,,,,,,,,,,,,,,,,,,,,,,,,,,,,,,,,,,,,,,,,,,,,,,,,,,,,,,,,,,,,,,,,
,,,,,,,,,,,,,,,,,,,,,,,,,,,,,,,,,,,,,,,,,,,,,,,,,,,,,,,,,,,,,,,,,,,,,,
,,,,,,,,,,,,,,,,,,,,,,,,,,,,,,,,,,,,,,,,,,,,,,,,,,,,,,,,,,,,,,,,,,,,,,
,,,,,,,,,,,,,,,,,,,,,,,,,,,,,,,,,,,,,,,,,,,,,,,,,,,,,,,,,,,,,,,,,,,,,,
,,,,,,,,,,,,,,,,,,,,,,,,,,,,,,,,,,,,,,,,,,,,,,,,,,,,,,,,,,,,,,,,,,,,,,
,,,,,,,,,,,,,,,,,,,,,,,,,,,,,,,,,,,,,,,,,,,,,,,,,,,,,,,,,,,,,,,,,,,,,,
,,,,,,,,,,,,,,,,,,,,,,,,,,,,,,,,,,,,,,,,,,,,,,,,,,,,,,,,,,,,,,,,,,,,,,
,,,,,,,,,,,,,,,,,,,,,,,,,,,,,,,,,,,,,,,,,,,,,,,,,,,,,,,,,,,,,,,,,,,,,,
,,,,,,,,,,,,,,,,,,,,,,,,,,,,,,,,,,,,,,,,,,,,,,,,,,,,,,,,,,,,,,,,,,,,,,
,,,,,,,,,,,,,,,,,,,,,,,,,,,,,,,,,,,,,,,,,,,,,,,,,,,,,,,,,,,,,,,,,,,,,,
,,,,,,,,,,,,,,,,,,,,,,,,,,,,,,,,,,,,,,,,,,,,,,,,,,,,,,,,,,,,,,,,,,,,,,
,,,,,,,,,,,,,,,,,,,,,,,,,,,,,,,,,,,,,,,,,,,,,,,,,,,,,,,,,,,,,,,,,,,,,,
,,,,,,,,,,,,,,,,,,,,,,,,,,,,,,,,,,,,,,,,,,,,,,,,,,,,,,,,,,,,,,,,,,,,,,
,,,,,,,,,,,,,,,,,,,,,,,,,,,,,,,,,,,,,,,,,,,,,,,,,,,,,,,,,,,,,,,,,,,,,,
,,,,,,,,,,,,,,,,,,,,,,,,,,,,,,,,,,,,,,,,,,,,,,,,,,,,,,,,,,,,,,,,,,,,,,
,,,,,,,,,,,,,,,,,,,,,,,,,,,,,,,,,,,,,,,,,,,,,,,,,,,,,,,,,,,,,,,,,,,,,,
,,,,,,,,,,,,,,,,,,,,,,,,,,,,,,,,,,,,,,,,,,,,,,,,,,,,,,,,,,,,,,,,,,,,,,
,,,,,,,,,,,,,,,,,,,,,,,,,,,,,,,,,,,,,,,,,,,,,,,,,,,,,,,,,,,,,,,,,,,,,,
,,,,,,,,,,,,,,,,,,,,,,,,,,,,,,,,,,,,,,,,,,,,,,,,,,,,,,,,,,,,,,,,,,,,,,
,,,,,,,,,,,,,,,,,,,,,,,,,,,,,,,,,,,,,,,,,,,,,,,,,,,,,,,,,,,,,,,,,,,,,,
,,,,,,,,,,,,,,,,,,,,,,,,,,,,,,,,,,,,,,,,,,,,,,,,,,,,,,,,,,,,,,,,,,,,,,
,,,,,,,,,,,,,,,,,,,,,,,,,,,,,,,,,,,,,,,,,,,,,,,,,,,,,,,,,,,,,,,,,,,,,,
,,,,,,,,,,,,,,,,,,,,,,,,,,,,,,,,,,,,,,,,,,,,,,,,,,,,,,,,,,,,,,,,,,,,,,
,,,,,,,,,,,,,,,,,,,,,,,,,,,,,,,,,,,,,,,,,,,,,,,,,,,,,,,,,,,,,,,,,,,,,,
,,,,,,,,,,,,,,,,,,,,,,,,,,,,,,,,,,,,,,,,,,,,,,,,,,,,,,,,,,,,,,,,,,,,,,
,,,,,,,,,,,,,,,,,,,,,,,,,,,,,,,,,,,,,,,,,,,,,,,,,,,,,,,,,,,,,,,,,,,,,,
,,,,,,,,,,,,,,,,,,,,,,,,,,,,,,,,,,,,,,,,,,,,,,,,,,,,,,,,,,,,,,,,,,,,,,
,,,,,,,,,,,,,,,,,,,,,,,,,,,,,,,,,,,,,,,,,,,,,,,,,,,,,,,,,,,,,,,,,,,,,,
,,,,,,,,,,,,,,,,,,,,,,,,,,,,,,,,,,,,,,,,,,,,,,,,,,,,,,,,,,,,,,,,,,,,,,
,,,,,,,,,,,,,,,,,,,,,,,,,,,,,,,,,,,,,,,,,,,,,,,,,,,,,,,,,,,,,,,,,,,,,,
,,,,,,,,,,,,,,,,,,,,,,,,,,,,,,,,,,,,,,,,,,,,,,,,,,,,,,,,,,,,,,,,,,,,,,
,,,,,,,,,,,,,,,,,,,,,,,,,,,,,,,,,,,,,,,,,,,,,,,,,,,,,,,,,,,,,,,,,,,,,,
,,,,,,,,,,,,,,,,,,,,,,,,,,,,,,,,,,,,,,,,,,,,,,,,,,,,,,,,,,,,,,,,,,,,,,
,,,,,,,,,,,,,,,,,,,,,,,,,,,,,,,,,,,,,,,,,,,,,,,,,,,,,,,,,,,,,,,,,,,,,,
